[
{
  "model": "wagtailcore.locale",
  "pk": 1,
  "fields": {
    "language_code": "en"
  }
},
{
  "model": "wagtailcore.site",
  "pk": 2,
  "fields": {
    "hostname": "localhost",
    "port": 80,
    "site_name": "",
    "root_page": 3,
    "is_default_site": true
  }
},
{
  "model": "wagtailcore.collection",
  "pk": 1,
  "fields": {
    "path": "0001",
    "depth": 1,
    "numchild": 0,
    "name": "Root"
  }
},
{
  "model": "wagtailcore.workflowpage",
  "pk": 1,
  "fields": {
    "workflow": 1
  }
},
{
  "model": "wagtailcore.workflowtask",
  "pk": 1,
  "fields": {
    "sort_order": 0,
    "workflow": 1,
    "task": 1
  }
},
{
  "model": "wagtailcore.task",
  "pk": 1,
  "fields": {
    "name": "Moderators approval",
    "content_type": [
      "wagtailcore",
      "groupapprovaltask"
    ],
    "active": true
  }
},
{
  "model": "wagtailcore.workflow",
  "pk": 1,
  "fields": {
    "name": "Moderators approval",
    "active": true
  }
},
{
  "model": "auth.group",
  "pk": 1,
  "fields": {
    "name": "Moderators",
    "permissions": [
      [
        "access_admin",
        "wagtailadmin",
        "admin"
      ],
      [
        "add_document",
        "wagtaildocs",
        "document"
      ],
      [
        "change_document",
        "wagtaildocs",
        "document"
      ],
      [
        "choose_document",
        "wagtaildocs",
        "document"
      ],
      [
        "delete_document",
        "wagtaildocs",
        "document"
      ],
      [
        "add_image",
        "wagtailimages",
        "image"
      ],
      [
        "change_image",
        "wagtailimages",
        "image"
      ],
      [
        "choose_image",
        "wagtailimages",
        "image"
      ],
      [
        "delete_image",
        "wagtailimages",
        "image"
      ]
    ]
  }
},
{
  "model": "auth.group",
  "pk": 2,
  "fields": {
    "name": "Editors",
    "permissions": [
      [
        "access_admin",
        "wagtailadmin",
        "admin"
      ],
      [
        "add_document",
        "wagtaildocs",
        "document"
      ],
      [
        "change_document",
        "wagtaildocs",
        "document"
      ],
      [
        "choose_document",
        "wagtaildocs",
        "document"
      ],
      [
        "delete_document",
        "wagtaildocs",
        "document"
      ],
      [
        "add_image",
        "wagtailimages",
        "image"
      ],
      [
        "change_image",
        "wagtailimages",
        "image"
      ],
      [
        "choose_image",
        "wagtailimages",
        "image"
      ],
      [
        "delete_image",
        "wagtailimages",
        "image"
      ]
    ]
  }
},
{
  "model": "auth.user",
  "pk": 1,
  "fields": {
    "password": "pbkdf2_sha256$320000$hkF4sdE9YRB9h5J3aqyub7$zaND/J0zWZZBgcKVsl8+qkVtVkXskxQW4fzL5tXhhoc=",
    "last_login": "2022-07-21T06:35:59.470Z",
    "is_superuser": true,
    "username": "admin",
    "first_name": "",
    "last_name": "",
    "email": "admin@sample.com",
    "is_staff": true,
    "is_active": true,
    "date_joined": "2022-07-21T06:31:52.770Z",
    "groups": [],
    "user_permissions": []
  }
},
{
  "model": "wagtailcore.pagesubscription",
  "pk": 1,
  "fields": {
    "user": [
      "admin"
    ],
    "page": 3,
    "comment_notifications": false
  }
},
{
  "model": "wagtailcore.pagesubscription",
  "pk": 2,
  "fields": {
    "user": [
      "admin"
    ],
    "page": 4,
    "comment_notifications": true
  }
},
{
  "model": "wagtailcore.pagesubscription",
  "pk": 3,
  "fields": {
    "user": [
      "admin"
    ],
    "page": 5,
    "comment_notifications": true
  }
},
{
  "model": "wagtailcore.pagesubscription",
  "pk": 4,
  "fields": {
    "user": [
      "admin"
    ],
    "page": 6,
    "comment_notifications": true
  }
},
{
  "model": "wagtailcore.pagesubscription",
  "pk": 5,
  "fields": {
    "user": [
      "admin"
    ],
    "page": 7,
    "comment_notifications": true
  }
},
{
  "model": "wagtailcore.pagelogentry",
  "pk": 1,
  "fields": {
    "content_type": [
      "home",
      "homepage"
    ],
    "label": "Home",
    "action": "wagtail.edit",
    "data": {},
    "timestamp": "2022-07-21T06:45:22.394Z",
    "uuid": "1e7d4f9d-9cce-4f2a-b955-4379e44a59b6",
    "user": [
      "admin"
    ],
    "revision": 1,
    "content_changed": true,
    "deleted": false,
    "page": 3
  }
},
{
  "model": "wagtailcore.pagelogentry",
  "pk": 2,
  "fields": {
    "content_type": [
      "home",
      "homepage"
    ],
    "label": "Home",
    "action": "wagtail.edit",
    "data": {},
    "timestamp": "2022-07-21T06:45:25.866Z",
    "uuid": "5af13f55-ec22-4154-9760-1062a3daa7b8",
    "user": [
      "admin"
    ],
    "revision": 2,
    "content_changed": true,
    "deleted": false,
    "page": 3
  }
},
{
  "model": "wagtailcore.pagelogentry",
  "pk": 3,
  "fields": {
    "content_type": [
      "home",
      "homepage"
    ],
    "label": "Home",
    "action": "wagtail.publish",
    "data": {},
    "timestamp": "2022-07-21T06:45:25.885Z",
    "uuid": "5af13f55-ec22-4154-9760-1062a3daa7b8",
    "user": [
      "admin"
    ],
    "revision": 2,
    "content_changed": true,
    "deleted": false,
    "page": 3
  }
},
{
  "model": "wagtailcore.pagelogentry",
  "pk": 4,
  "fields": {
    "content_type": [
      "blog",
      "blogindexpage"
    ],
    "label": "This is the blog index",
    "action": "wagtail.create",
    "data": {},
    "timestamp": "2022-07-21T06:46:41.434Z",
    "uuid": "5acf5a31-e560-4ac7-83a0-096acbc1994b",
    "user": [
      "admin"
    ],
    "revision": null,
    "content_changed": true,
    "deleted": false,
    "page": 4
  }
},
{
  "model": "wagtailcore.pagelogentry",
  "pk": 5,
  "fields": {
    "content_type": [
      "blog",
      "blogindexpage"
    ],
    "label": "This is the blog index",
    "action": "wagtail.edit",
    "data": {},
    "timestamp": "2022-07-21T06:46:44.015Z",
    "uuid": "185338ee-4276-4645-b6f5-a13731043c5d",
    "user": [
      "admin"
    ],
    "revision": 4,
    "content_changed": true,
    "deleted": false,
    "page": 4
  }
},
{
  "model": "wagtailcore.pagelogentry",
  "pk": 6,
  "fields": {
    "content_type": [
      "blog",
      "blogindexpage"
    ],
    "label": "This is the blog index",
    "action": "wagtail.publish",
    "data": {},
    "timestamp": "2022-07-21T06:46:44.033Z",
    "uuid": "185338ee-4276-4645-b6f5-a13731043c5d",
    "user": [
      "admin"
    ],
    "revision": 4,
    "content_changed": false,
    "deleted": false,
    "page": 4
  }
},
{
  "model": "wagtailcore.pagelogentry",
  "pk": 7,
  "fields": {
    "content_type": [
      "blog",
      "blogpage"
    ],
    "label": "Blog Page 1",
    "action": "wagtail.create",
    "data": {},
    "timestamp": "2022-07-21T07:16:04.777Z",
    "uuid": "5903def5-2a8b-4fbe-bc80-88a98bfed475",
    "user": [
      "admin"
    ],
    "revision": null,
    "content_changed": true,
    "deleted": false,
    "page": 5
  }
},
{
  "model": "wagtailcore.pagelogentry",
  "pk": 8,
  "fields": {
    "content_type": [
      "blog",
      "blogpage"
    ],
    "label": "Blog Page 1",
    "action": "wagtail.edit",
    "data": {},
    "timestamp": "2022-07-21T07:16:16.266Z",
    "uuid": "a5d6b395-6fe0-4237-b363-23ce9ed87fe0",
    "user": [
      "admin"
    ],
    "revision": 6,
    "content_changed": true,
    "deleted": false,
    "page": 5
  }
},
{
  "model": "wagtailcore.pagelogentry",
  "pk": 9,
  "fields": {
    "content_type": [
      "blog",
      "blogpage"
    ],
    "label": "Blog Page 1",
    "action": "wagtail.publish",
    "data": {},
    "timestamp": "2022-07-21T07:16:16.285Z",
    "uuid": "a5d6b395-6fe0-4237-b363-23ce9ed87fe0",
    "user": [
      "admin"
    ],
    "revision": 6,
    "content_changed": true,
    "deleted": false,
    "page": 5
  }
},
{
  "model": "wagtailcore.pagelogentry",
  "pk": 10,
  "fields": {
    "content_type": [
      "blog",
      "blogpage"
    ],
    "label": "Blog Page 2",
    "action": "wagtail.create",
    "data": {},
    "timestamp": "2022-07-21T07:19:27.940Z",
    "uuid": "237d3177-a079-4e6d-b312-b44dbd33bbfc",
    "user": [
      "admin"
    ],
    "revision": null,
    "content_changed": true,
    "deleted": false,
    "page": 6
  }
},
{
  "model": "wagtailcore.pagelogentry",
  "pk": 11,
  "fields": {
    "content_type": [
      "blog",
      "blogpage"
    ],
    "label": "Blog Page 2",
    "action": "wagtail.edit",
    "data": {},
    "timestamp": "2022-07-21T07:19:32.140Z",
    "uuid": "64a9b1ce-b963-4e5c-ac3c-d3b10087dd44",
    "user": [
      "admin"
    ],
    "revision": 8,
    "content_changed": true,
    "deleted": false,
    "page": 6
  }
},
{
  "model": "wagtailcore.pagelogentry",
  "pk": 12,
  "fields": {
    "content_type": [
      "blog",
      "blogpage"
    ],
    "label": "Blog Page 2",
    "action": "wagtail.publish",
    "data": {},
    "timestamp": "2022-07-21T07:19:32.162Z",
    "uuid": "64a9b1ce-b963-4e5c-ac3c-d3b10087dd44",
    "user": [
      "admin"
    ],
    "revision": 8,
    "content_changed": true,
    "deleted": false,
    "page": 6
  }
},
{
  "model": "wagtailcore.pagelogentry",
  "pk": 13,
  "fields": {
    "content_type": [
      "blog",
      "blogpage"
    ],
    "label": "Blog Page 2",
    "action": "wagtail.edit",
    "data": {},
    "timestamp": "2022-07-21T07:19:44.742Z",
    "uuid": "11376bdf-5ae2-47df-976e-859ea2802bf2",
    "user": [
      "admin"
    ],
    "revision": 9,
    "content_changed": true,
    "deleted": false,
    "page": 6
  }
},
{
  "model": "wagtailcore.pagelogentry",
  "pk": 14,
  "fields": {
    "content_type": [
      "blog",
      "blogpage"
    ],
    "label": "Blog Page 2",
    "action": "wagtail.edit",
    "data": {},
    "timestamp": "2022-07-21T07:19:46.768Z",
    "uuid": "05c3486c-8242-44a0-8a8f-2f7b698748db",
    "user": [
      "admin"
    ],
    "revision": 10,
    "content_changed": true,
    "deleted": false,
    "page": 6
  }
},
{
  "model": "wagtailcore.pagelogentry",
  "pk": 15,
  "fields": {
    "content_type": [
      "blog",
      "blogpage"
    ],
    "label": "Blog Page 2",
    "action": "wagtail.publish",
    "data": {},
    "timestamp": "2022-07-21T07:19:46.789Z",
    "uuid": "05c3486c-8242-44a0-8a8f-2f7b698748db",
    "user": [
      "admin"
    ],
    "revision": 10,
    "content_changed": true,
    "deleted": false,
    "page": 6
  }
},
{
  "model": "wagtailcore.pagelogentry",
  "pk": 16,
  "fields": {
    "content_type": [
      "blog",
      "blogpage"
    ],
    "label": "Blog Page 3",
    "action": "wagtail.create",
    "data": {},
    "timestamp": "2022-07-21T07:22:39.690Z",
    "uuid": "4dcbcc11-d653-4890-b863-ab116e3eb4bc",
    "user": [
      "admin"
    ],
    "revision": null,
    "content_changed": true,
    "deleted": false,
    "page": 7
  }
},
{
  "model": "wagtailcore.pagelogentry",
  "pk": 17,
  "fields": {
    "content_type": [
      "blog",
      "blogpage"
    ],
    "label": "Blog Page 3",
    "action": "wagtail.edit",
    "data": {},
    "timestamp": "2022-07-21T07:22:47.048Z",
    "uuid": "fae4ebd6-7620-4eda-b9e1-47c6eefe2e2d",
    "user": [
      "admin"
    ],
    "revision": 12,
    "content_changed": true,
    "deleted": false,
    "page": 7
  }
},
{
  "model": "wagtailcore.pagelogentry",
  "pk": 18,
  "fields": {
    "content_type": [
      "blog",
      "blogpage"
    ],
    "label": "Blog Page 3",
    "action": "wagtail.edit",
    "data": {},
    "timestamp": "2022-07-21T07:25:36.411Z",
    "uuid": "8c5059e6-6cdc-4ede-9c15-67d06a2ef3ac",
    "user": [
      "admin"
    ],
    "revision": 13,
    "content_changed": true,
    "deleted": false,
    "page": 7
  }
},
{
  "model": "wagtailcore.pagelogentry",
  "pk": 19,
  "fields": {
    "content_type": [
      "blog",
      "blogpage"
    ],
    "label": "Blog Page 3",
    "action": "wagtail.edit",
    "data": {},
    "timestamp": "2022-07-21T07:25:38.332Z",
    "uuid": "63bb6e5d-9fe4-4ab0-a412-7c753a57fa78",
    "user": [
      "admin"
    ],
    "revision": 14,
    "content_changed": true,
    "deleted": false,
    "page": 7
  }
},
{
  "model": "wagtailcore.pagelogentry",
  "pk": 20,
  "fields": {
    "content_type": [
      "blog",
      "blogpage"
    ],
    "label": "Blog Page 3",
    "action": "wagtail.publish",
    "data": {},
    "timestamp": "2022-07-21T07:25:38.351Z",
    "uuid": "63bb6e5d-9fe4-4ab0-a412-7c753a57fa78",
    "user": [
      "admin"
    ],
    "revision": 14,
    "content_changed": true,
    "deleted": false,
    "page": 7
  }
},
{
  "model": "wagtailcore.pagelogentry",
  "pk": 21,
  "fields": {
    "content_type": [
      "blog",
      "blogpage"
    ],
    "label": "Blog Page 3",
    "action": "wagtail.edit",
    "data": {},
    "timestamp": "2022-07-21T07:26:15.286Z",
    "uuid": "a1514b52-b1e4-4bac-ab32-41849ae9586f",
    "user": [
      "admin"
    ],
    "revision": 15,
    "content_changed": true,
    "deleted": false,
    "page": 7
  }
},
{
  "model": "wagtailcore.pagelogentry",
  "pk": 22,
  "fields": {
    "content_type": [
      "blog",
      "blogpage"
    ],
    "label": "Blog Page 3",
    "action": "wagtail.edit",
    "data": {},
    "timestamp": "2022-07-21T07:26:17.442Z",
    "uuid": "a15da648-9283-4a70-969b-5ea5894e4254",
    "user": [
      "admin"
    ],
    "revision": 16,
    "content_changed": true,
    "deleted": false,
    "page": 7
  }
},
{
  "model": "wagtailcore.pagelogentry",
  "pk": 23,
  "fields": {
    "content_type": [
      "blog",
      "blogpage"
    ],
    "label": "Blog Page 3",
    "action": "wagtail.publish",
    "data": {},
    "timestamp": "2022-07-21T07:26:17.460Z",
    "uuid": "a15da648-9283-4a70-969b-5ea5894e4254",
    "user": [
      "admin"
    ],
    "revision": 16,
    "content_changed": true,
    "deleted": false,
    "page": 7
  }
},
{
  "model": "wagtailcore.pagelogentry",
  "pk": 24,
  "fields": {
    "content_type": [
      "blog",
      "blogpage"
    ],
    "label": "Blog Page 1",
    "action": "wagtail.edit",
    "data": {},
    "timestamp": "2022-07-21T07:26:28.159Z",
    "uuid": "7ab31e27-1b21-4adb-bc89-2a66181e0c1c",
    "user": [
      "admin"
    ],
    "revision": 17,
    "content_changed": true,
    "deleted": false,
    "page": 5
  }
},
{
  "model": "wagtailcore.pagelogentry",
  "pk": 25,
  "fields": {
    "content_type": [
      "blog",
      "blogpage"
    ],
    "label": "Blog Page 1",
    "action": "wagtail.edit",
    "data": {},
    "timestamp": "2022-07-21T07:26:29.688Z",
    "uuid": "4c752c29-0c2c-483f-b76c-6932e31e15c7",
    "user": [
      "admin"
    ],
    "revision": 18,
    "content_changed": true,
    "deleted": false,
    "page": 5
  }
},
{
  "model": "wagtailcore.pagelogentry",
  "pk": 26,
  "fields": {
    "content_type": [
      "blog",
      "blogpage"
    ],
    "label": "Blog Page 1",
    "action": "wagtail.publish",
    "data": {},
    "timestamp": "2022-07-21T07:26:29.709Z",
    "uuid": "4c752c29-0c2c-483f-b76c-6932e31e15c7",
    "user": [
      "admin"
    ],
    "revision": 18,
    "content_changed": true,
    "deleted": false,
    "page": 5
  }
},
{
  "model": "wagtailcore.groupapprovaltask",
  "pk": 1,
  "fields": {
    "groups": [
      [
        "Moderators"
      ]
    ]
  }
},
{
  "model": "wagtailcore.revision",
  "pk": 1,
  "fields": {
    "content_type": [
      "home",
      "homepage"
    ],
    "base_content_type": [
      "wagtailcore",
      "page"
    ],
    "object_id": "3",
    "submitted_for_moderation": false,
    "created_at": "2022-07-21T06:45:22.381Z",
    "user": [
      "admin"
    ],
    "object_str": "Home",
    "content": {
      "pk": 3,
      "path": "00010001",
      "depth": 2,
      "numchild": 0,
      "translation_key": "aca63119-3aaa-4344-b220-9c3c33c05851",
      "locale": 1,
      "latest_revision": null,
      "live": true,
      "has_unpublished_changes": false,
      "first_published_at": null,
      "last_published_at": null,
      "live_revision": null,
      "go_live_at": null,
      "expire_at": null,
      "expired": false,
      "title": "Home",
      "draft_title": "Home",
      "slug": "home",
      "content_type": 3,
      "url_path": "/home/",
      "owner": null,
      "seo_title": "",
      "show_in_menus": false,
      "search_description": "",
      "locked": false,
      "locked_at": null,
      "locked_by": null,
      "latest_revision_created_at": null,
      "alias_of": null,
      "body": "<p data-block-key=\"2vi4o\">Welcome </p>",
      "wagtail_admin_comments": []
    },
    "approved_go_live_at": null
  }
},
{
  "model": "wagtailcore.revision",
  "pk": 2,
  "fields": {
    "content_type": [
      "home",
      "homepage"
    ],
    "base_content_type": [
      "wagtailcore",
      "page"
    ],
    "object_id": "3",
    "submitted_for_moderation": false,
    "created_at": "2022-07-21T06:45:25.859Z",
    "user": [
      "admin"
    ],
    "object_str": "Home",
    "content": {
      "pk": 3,
      "path": "00010001",
      "depth": 2,
      "numchild": 0,
      "translation_key": "aca63119-3aaa-4344-b220-9c3c33c05851",
      "locale": 1,
      "latest_revision": 1,
      "live": true,
      "has_unpublished_changes": true,
      "first_published_at": null,
      "last_published_at": null,
      "live_revision": null,
      "go_live_at": null,
      "expire_at": null,
      "expired": false,
      "title": "Home",
      "draft_title": "Home",
      "slug": "home",
      "content_type": 3,
      "url_path": "/home/",
      "owner": null,
      "seo_title": "",
      "show_in_menus": false,
      "search_description": "",
      "locked": false,
      "locked_at": null,
      "locked_by": null,
      "latest_revision_created_at": "2022-07-21T06:45:22.381Z",
      "alias_of": null,
      "body": "<p data-block-key=\"2vi4o\">Welcome</p>",
      "wagtail_admin_comments": []
    },
    "approved_go_live_at": null
  }
},
{
  "model": "wagtailcore.revision",
  "pk": 3,
  "fields": {
    "content_type": [
      "blog",
      "blogindexpage"
    ],
    "base_content_type": [
      "wagtailcore",
      "page"
    ],
    "object_id": "4",
    "submitted_for_moderation": false,
    "created_at": "2022-07-21T06:46:41.438Z",
    "user": [
      "admin"
    ],
    "object_str": "This is the blog index",
    "content": {
      "pk": 4,
      "path": "000100010001",
      "depth": 3,
      "numchild": 0,
      "translation_key": "f9c118ba-ad43-477a-bb08-60c82e3cf5c3",
      "locale": 1,
      "latest_revision": null,
      "live": false,
      "has_unpublished_changes": false,
      "first_published_at": null,
      "last_published_at": null,
      "live_revision": null,
      "go_live_at": null,
      "expire_at": null,
      "expired": false,
      "title": "This is the blog index",
      "draft_title": "This is the blog index",
      "slug": "this-is-the-blog-index",
      "content_type": 7,
      "url_path": "/home/this-is-the-blog-index/",
      "owner": 1,
      "seo_title": "",
      "show_in_menus": false,
      "search_description": "",
      "locked": false,
      "locked_at": null,
      "locked_by": null,
      "latest_revision_created_at": null,
      "alias_of": null,
      "intro": "<p data-block-key=\"uhvgo\">These are the blog posts</p>",
      "wagtail_admin_comments": []
    },
    "approved_go_live_at": null
  }
},
{
  "model": "wagtailcore.revision",
  "pk": 4,
  "fields": {
    "content_type": [
      "blog",
      "blogindexpage"
    ],
    "base_content_type": [
      "wagtailcore",
      "page"
    ],
    "object_id": "4",
    "submitted_for_moderation": false,
    "created_at": "2022-07-21T06:46:44.008Z",
    "user": [
      "admin"
    ],
    "object_str": "This is the blog index",
    "content": {
      "pk": 4,
      "path": "000100010001",
      "depth": 3,
      "numchild": 0,
      "translation_key": "f9c118ba-ad43-477a-bb08-60c82e3cf5c3",
      "locale": 1,
      "latest_revision": 3,
      "live": false,
      "has_unpublished_changes": true,
      "first_published_at": null,
      "last_published_at": null,
      "live_revision": null,
      "go_live_at": null,
      "expire_at": null,
      "expired": false,
      "title": "This is the blog index",
      "draft_title": "This is the blog index",
      "slug": "this-is-the-blog-index",
      "content_type": 7,
      "url_path": "/home/this-is-the-blog-index/",
      "owner": 1,
      "seo_title": "",
      "show_in_menus": false,
      "search_description": "",
      "locked": false,
      "locked_at": null,
      "locked_by": null,
      "latest_revision_created_at": "2022-07-21T06:46:41.438Z",
      "alias_of": null,
      "intro": "<p data-block-key=\"uhvgo\">These are the blog posts</p>",
      "wagtail_admin_comments": []
    },
    "approved_go_live_at": null
  }
},
{
  "model": "wagtailcore.revision",
  "pk": 5,
  "fields": {
    "content_type": [
      "blog",
      "blogpage"
    ],
    "base_content_type": [
      "wagtailcore",
      "page"
    ],
    "object_id": "5",
    "submitted_for_moderation": false,
    "created_at": "2022-07-21T07:16:04.783Z",
    "user": [
      "admin"
    ],
    "object_str": "Blog Page 1",
    "content": {
      "pk": 5,
      "path": "0001000100010001",
      "depth": 4,
      "numchild": 0,
      "translation_key": "b54aa461-a6a5-43a5-bb57-1f6a3fd6f0a1",
      "locale": 1,
      "latest_revision": null,
      "live": false,
      "has_unpublished_changes": false,
      "first_published_at": null,
      "last_published_at": null,
      "live_revision": null,
      "go_live_at": null,
      "expire_at": null,
      "expired": false,
      "title": "Blog Page 1",
      "draft_title": "Blog Page 1",
      "slug": "blog-page-1",
      "content_type": 8,
      "url_path": "/home/this-is-the-blog-index/blog-page-1/",
      "owner": 1,
      "seo_title": "",
      "show_in_menus": false,
      "search_description": "",
      "locked": false,
      "locked_at": null,
      "locked_by": null,
      "latest_revision_created_at": null,
      "alias_of": null,
      "intro": "This is the 1st blog page",
      "body": "<p data-block-key=\"pmfk7\">Some content</p>",
      "content": "[{\"type\": \"quote\", \"value\": {\"quote_content\": \"Im going to put some dirt in your eye\", \"person\": \"Bully Maguire\", \"random_id\": 1}, \"id\": \"4390e0dd-5bf3-4034-9311-139f85620f9f\"}, {\"type\": \"field1\", \"value\": \"blah blah blah\", \"id\": \"1c2b55ce-e22c-4650-8d11-47cbf01d755c\"}, {\"type\": \"date\", \"value\": \"2022-07-22T12:19:00Z\", \"id\": \"c9b88c74-6fc4-476c-b41f-fea81ccc12db\"}, {\"type\": \"quote\", \"value\": {\"quote_content\": \"My mama always said, life is like a box of chocolates. You never know what you're gonna get.\", \"person\": \"Forrest Gump\", \"random_id\": null}, \"id\": \"4a859bb1-d4af-48a8-a6ab-1de38489db09\"}]",
      "wagtail_admin_comments": []
    },
    "approved_go_live_at": null
  }
},
{
  "model": "wagtailcore.revision",
  "pk": 6,
  "fields": {
    "content_type": [
      "blog",
      "blogpage"
    ],
    "base_content_type": [
      "wagtailcore",
      "page"
    ],
    "object_id": "5",
    "submitted_for_moderation": false,
    "created_at": "2022-07-21T07:16:16.260Z",
    "user": [
      "admin"
    ],
    "object_str": "Blog Page 1",
    "content": {
      "pk": 5,
      "path": "0001000100010001",
      "depth": 4,
      "numchild": 0,
      "translation_key": "b54aa461-a6a5-43a5-bb57-1f6a3fd6f0a1",
      "locale": 1,
      "latest_revision": 5,
      "live": false,
      "has_unpublished_changes": true,
      "first_published_at": null,
      "last_published_at": null,
      "live_revision": null,
      "go_live_at": null,
      "expire_at": null,
      "expired": false,
      "title": "Blog Page 1",
      "draft_title": "Blog Page 1",
      "slug": "blog-page-1",
      "content_type": 8,
      "url_path": "/home/this-is-the-blog-index/blog-page-1/",
      "owner": 1,
      "seo_title": "",
      "show_in_menus": false,
      "search_description": "",
      "locked": false,
      "locked_at": null,
      "locked_by": null,
      "latest_revision_created_at": "2022-07-21T07:16:04.783Z",
      "alias_of": null,
      "intro": "This is the 1st blog page",
      "body": "<p data-block-key=\"pmfk7\">Some content</p>",
      "content": "[{\"type\": \"quote\", \"value\": {\"quote_content\": \"Im going to put some dirt in your eye\", \"person\": \"Bully Maguire\", \"random_id\": 1}, \"id\": \"4390e0dd-5bf3-4034-9311-139f85620f9f\"}, {\"type\": \"field1\", \"value\": \"blah blah blah\", \"id\": \"1c2b55ce-e22c-4650-8d11-47cbf01d755c\"}, {\"type\": \"date\", \"value\": \"2022-07-12T12:19:00Z\", \"id\": \"c9b88c74-6fc4-476c-b41f-fea81ccc12db\"}, {\"type\": \"quote\", \"value\": {\"quote_content\": \"My mama always said, life is like a box of chocolates. You never know what you're gonna get.\", \"person\": \"Forrest Gump\", \"random_id\": null}, \"id\": \"4a859bb1-d4af-48a8-a6ab-1de38489db09\"}]",
      "wagtail_admin_comments": []
    },
    "approved_go_live_at": null
  }
},
{
  "model": "wagtailcore.revision",
  "pk": 7,
  "fields": {
    "content_type": [
      "blog",
      "blogpage"
    ],
    "base_content_type": [
      "wagtailcore",
      "page"
    ],
    "object_id": "6",
    "submitted_for_moderation": false,
    "created_at": "2022-07-21T07:19:27.945Z",
    "user": [
      "admin"
    ],
    "object_str": "Blog Page 2",
    "content": {
      "pk": 6,
      "path": "0001000100010002",
      "depth": 4,
      "numchild": 0,
      "translation_key": "44fee032-6bc6-4fe0-be03-5bad143b0d59",
      "locale": 1,
      "latest_revision": null,
      "live": false,
      "has_unpublished_changes": false,
      "first_published_at": null,
      "last_published_at": null,
      "live_revision": null,
      "go_live_at": null,
      "expire_at": null,
      "expired": false,
      "title": "Blog Page 2",
      "draft_title": "Blog Page 2",
      "slug": "blog-page-2",
      "content_type": 8,
      "url_path": "/home/this-is-the-blog-index/blog-page-2/",
      "owner": 1,
      "seo_title": "",
      "show_in_menus": false,
      "search_description": "",
      "locked": false,
      "locked_at": null,
      "locked_by": null,
      "latest_revision_created_at": null,
      "alias_of": null,
      "intro": "2nd blog page",
      "body": "<p data-block-key=\"mgjor\">Lorem ipsum dolor sit amet, consectetur adipiscing elit, sed do eiusmod  tempor incididunt ut labore et dolore magna aliqua. Ut enim ad minim  veniam, quis nostrud exercitation ullamco laboris nisi ut aliquip ex ea  commodo consequat. Duis aute irure dolor in reprehenderit in voluptate  velit esse cillum dolore eu fugiat nulla pariatur. Excepteur sint  occaecat cupidatat non proident, sunt in culpa qui officia deserunt  mollit anim id est laborum.</p>",
      "content": "[{\"type\": \"quote\", \"value\": {\"quote_content\": \"I missed the part where that's my problem\", \"person\": \"Bully Maguire\", \"random_id\": 0}, \"id\": \"5292871d-481c-4f6e-af2e-39481fc67c20\"}, {\"type\": \"field1\", \"value\": \"The sky is blue\", \"id\": \"ad7e41d7-9afd-4667-991e-927305953de8\"}, {\"type\": \"field1\", \"value\": \"The blue is sky\", \"id\": \"ec860767-4e0a-49be-822a-297f7422238a\"}, {\"type\": \"somestreamblock\", \"value\": [{\"type\": \"title\", \"value\": \"Reddish colours\", \"id\": \"320f6381-b301-4e4f-8b60-bc22c8f46c5c\"}, {\"type\": \"content\", \"value\": \"Red\", \"id\": \"77864ea0-53c9-4678-8d61-706ba030a9bc\"}, {\"type\": \"content\", \"value\": \"Scarlet\", \"id\": \"9aa48273-06d8-4ea5-8c84-832e6017f116\"}, {\"type\": \"content\", \"value\": \"Vermillion\", \"id\": \"ba1f7a30-4f90-4c3e-bceb-8f87605f2672\"}], \"id\": \"dfa32451-1028-4498-9541-a7e99f764ed4\"}]",
      "wagtail_admin_comments": []
    },
    "approved_go_live_at": null
  }
},
{
  "model": "wagtailcore.revision",
  "pk": 8,
  "fields": {
    "content_type": [
      "blog",
      "blogpage"
    ],
    "base_content_type": [
      "wagtailcore",
      "page"
    ],
    "object_id": "6",
    "submitted_for_moderation": false,
    "created_at": "2022-07-21T07:19:32.133Z",
    "user": [
      "admin"
    ],
    "object_str": "Blog Page 2",
    "content": {
      "pk": 6,
      "path": "0001000100010002",
      "depth": 4,
      "numchild": 0,
      "translation_key": "44fee032-6bc6-4fe0-be03-5bad143b0d59",
      "locale": 1,
      "latest_revision": 7,
      "live": false,
      "has_unpublished_changes": true,
      "first_published_at": null,
      "last_published_at": null,
      "live_revision": null,
      "go_live_at": null,
      "expire_at": null,
      "expired": false,
      "title": "Blog Page 2",
      "draft_title": "Blog Page 2",
      "slug": "blog-page-2",
      "content_type": 8,
      "url_path": "/home/this-is-the-blog-index/blog-page-2/",
      "owner": 1,
      "seo_title": "",
      "show_in_menus": false,
      "search_description": "",
      "locked": false,
      "locked_at": null,
      "locked_by": null,
      "latest_revision_created_at": "2022-07-21T07:19:27.945Z",
      "alias_of": null,
      "intro": "2nd blog page",
      "body": "<p data-block-key=\"mgjor\">Lorem ipsum dolor sit amet, consectetur adipiscing elit, sed do eiusmod tempor incididunt ut labore et dolore magna aliqua. Ut enim ad minim veniam, quis nostrud exercitation ullamco laboris nisi ut aliquip ex ea commodo consequat. Duis aute irure dolor in reprehenderit in voluptate velit esse cillum dolore eu fugiat nulla pariatur. Excepteur sint occaecat cupidatat non proident, sunt in culpa qui officia deserunt mollit anim id est laborum.</p>",
      "content": "[{\"type\": \"quote\", \"value\": {\"quote_content\": \"I missed the part where that's my problem\", \"person\": \"Bully Maguire\", \"random_id\": 0}, \"id\": \"5292871d-481c-4f6e-af2e-39481fc67c20\"}, {\"type\": \"field1\", \"value\": \"The sky is blue\", \"id\": \"ad7e41d7-9afd-4667-991e-927305953de8\"}, {\"type\": \"field1\", \"value\": \"The blue is sky\", \"id\": \"ec860767-4e0a-49be-822a-297f7422238a\"}, {\"type\": \"somestreamblock\", \"value\": [{\"type\": \"title\", \"value\": \"Reddish colours\", \"id\": \"320f6381-b301-4e4f-8b60-bc22c8f46c5c\"}, {\"type\": \"content\", \"value\": \"Red\", \"id\": \"77864ea0-53c9-4678-8d61-706ba030a9bc\"}, {\"type\": \"content\", \"value\": \"Scarlet\", \"id\": \"9aa48273-06d8-4ea5-8c84-832e6017f116\"}, {\"type\": \"content\", \"value\": \"Vermillion\", \"id\": \"ba1f7a30-4f90-4c3e-bceb-8f87605f2672\"}], \"id\": \"dfa32451-1028-4498-9541-a7e99f764ed4\"}]",
      "wagtail_admin_comments": []
    },
    "approved_go_live_at": null
  }
},
{
  "model": "wagtailcore.revision",
  "pk": 9,
  "fields": {
    "content_type": [
      "blog",
      "blogpage"
    ],
    "base_content_type": [
      "wagtailcore",
      "page"
    ],
    "object_id": "6",
    "submitted_for_moderation": false,
    "created_at": "2022-07-21T07:19:44.733Z",
    "user": [
      "admin"
    ],
    "object_str": "Blog Page 2",
    "content": {
      "pk": 6,
      "path": "0001000100010002",
      "depth": 4,
      "numchild": 0,
      "translation_key": "44fee032-6bc6-4fe0-be03-5bad143b0d59",
      "locale": 1,
      "latest_revision": 8,
      "live": true,
      "has_unpublished_changes": false,
      "first_published_at": "2022-07-21T07:19:32.147Z",
      "last_published_at": "2022-07-21T07:19:32.147Z",
      "live_revision": 8,
      "go_live_at": null,
      "expire_at": null,
      "expired": false,
      "title": "Blog Page 2",
      "draft_title": "Blog Page 2",
      "slug": "blog-page-2",
      "content_type": 8,
      "url_path": "/home/this-is-the-blog-index/blog-page-2/",
      "owner": 1,
      "seo_title": "",
      "show_in_menus": false,
      "search_description": "",
      "locked": false,
      "locked_at": null,
      "locked_by": null,
      "latest_revision_created_at": "2022-07-21T07:19:32.133Z",
      "alias_of": null,
      "intro": "Welcome to the 2nd blog page",
      "body": "<p data-block-key=\"mgjor\">Lorem ipsum dolor sit amet, consectetur adipiscing elit, sed do eiusmod tempor incididunt ut labore et dolore magna aliqua. Ut enim ad minim veniam, quis nostrud exercitation ullamco laboris nisi ut aliquip ex ea commodo consequat. Duis aute irure dolor in reprehenderit in voluptate velit esse cillum dolore eu fugiat nulla pariatur. Excepteur sint occaecat cupidatat non proident, sunt in culpa qui officia deserunt mollit anim id est laborum.</p>",
      "content": "[{\"type\": \"quote\", \"value\": {\"quote_content\": \"I missed the part where that's my problem\", \"person\": \"Bully Maguire\", \"random_id\": 0}, \"id\": \"5292871d-481c-4f6e-af2e-39481fc67c20\"}, {\"type\": \"field1\", \"value\": \"The sky is blue\", \"id\": \"ad7e41d7-9afd-4667-991e-927305953de8\"}, {\"type\": \"field1\", \"value\": \"The blue is sky\", \"id\": \"ec860767-4e0a-49be-822a-297f7422238a\"}, {\"type\": \"somestreamblock\", \"value\": [{\"type\": \"title\", \"value\": \"Reddish colours\", \"id\": \"320f6381-b301-4e4f-8b60-bc22c8f46c5c\"}, {\"type\": \"content\", \"value\": \"Red\", \"id\": \"77864ea0-53c9-4678-8d61-706ba030a9bc\"}, {\"type\": \"content\", \"value\": \"Scarlet\", \"id\": \"9aa48273-06d8-4ea5-8c84-832e6017f116\"}, {\"type\": \"content\", \"value\": \"Vermillion\", \"id\": \"ba1f7a30-4f90-4c3e-bceb-8f87605f2672\"}], \"id\": \"dfa32451-1028-4498-9541-a7e99f764ed4\"}]",
      "wagtail_admin_comments": []
    },
    "approved_go_live_at": null
  }
},
{
  "model": "wagtailcore.revision",
  "pk": 10,
  "fields": {
    "content_type": [
      "blog",
      "blogpage"
    ],
    "base_content_type": [
      "wagtailcore",
      "page"
    ],
    "object_id": "6",
    "submitted_for_moderation": false,
    "created_at": "2022-07-21T07:19:46.760Z",
    "user": [
      "admin"
    ],
    "object_str": "Blog Page 2",
    "content": {
      "pk": 6,
      "path": "0001000100010002",
      "depth": 4,
      "numchild": 0,
      "translation_key": "44fee032-6bc6-4fe0-be03-5bad143b0d59",
      "locale": 1,
      "latest_revision": 9,
      "live": true,
      "has_unpublished_changes": true,
      "first_published_at": "2022-07-21T07:19:32.147Z",
      "last_published_at": "2022-07-21T07:19:32.147Z",
      "live_revision": 8,
      "go_live_at": null,
      "expire_at": null,
      "expired": false,
      "title": "Blog Page 2",
      "draft_title": "Blog Page 2",
      "slug": "blog-page-2",
      "content_type": 8,
      "url_path": "/home/this-is-the-blog-index/blog-page-2/",
      "owner": 1,
      "seo_title": "",
      "show_in_menus": false,
      "search_description": "",
      "locked": false,
      "locked_at": null,
      "locked_by": null,
      "latest_revision_created_at": "2022-07-21T07:19:44.733Z",
      "alias_of": null,
      "intro": "Welcome to the 2nd blog page",
      "body": "<p data-block-key=\"mgjor\">Lorem ipsum dolor sit amet, consectetur adipiscing elit, sed do eiusmod tempor incididunt ut labore et dolore magna aliqua. Ut enim ad minim veniam, quis nostrud exercitation ullamco laboris nisi ut aliquip ex ea commodo consequat. Duis aute irure dolor in reprehenderit in voluptate velit esse cillum dolore eu fugiat nulla pariatur. Excepteur sint occaecat cupidatat non proident, sunt in culpa qui officia deserunt mollit anim id est laborum.</p>",
      "content": "[{\"type\": \"quote\", \"value\": {\"quote_content\": \"I missed the part where that's my problem\", \"person\": \"Bully Maguire\", \"random_id\": 0}, \"id\": \"5292871d-481c-4f6e-af2e-39481fc67c20\"}, {\"type\": \"field1\", \"value\": \"The sky is blue\", \"id\": \"ad7e41d7-9afd-4667-991e-927305953de8\"}, {\"type\": \"field1\", \"value\": \"The blue is sky\", \"id\": \"ec860767-4e0a-49be-822a-297f7422238a\"}, {\"type\": \"somestreamblock\", \"value\": [{\"type\": \"title\", \"value\": \"Reddish colours\", \"id\": \"320f6381-b301-4e4f-8b60-bc22c8f46c5c\"}, {\"type\": \"content\", \"value\": \"Red\", \"id\": \"77864ea0-53c9-4678-8d61-706ba030a9bc\"}, {\"type\": \"content\", \"value\": \"Scarlet\", \"id\": \"9aa48273-06d8-4ea5-8c84-832e6017f116\"}, {\"type\": \"content\", \"value\": \"Vermillion\", \"id\": \"ba1f7a30-4f90-4c3e-bceb-8f87605f2672\"}], \"id\": \"dfa32451-1028-4498-9541-a7e99f764ed4\"}]",
      "wagtail_admin_comments": []
    },
    "approved_go_live_at": null
  }
},
{
  "model": "wagtailcore.revision",
  "pk": 11,
  "fields": {
    "content_type": [
      "blog",
      "blogpage"
    ],
    "base_content_type": [
      "wagtailcore",
      "page"
    ],
    "object_id": "7",
    "submitted_for_moderation": false,
    "created_at": "2022-07-21T07:22:39.695Z",
    "user": [
      "admin"
    ],
    "object_str": "Blog Page 3",
    "content": {
      "pk": 7,
      "path": "0001000100010003",
      "depth": 4,
      "numchild": 0,
      "translation_key": "a072634b-6114-4a5f-9ff7-04bbc4264020",
      "locale": 1,
      "latest_revision": null,
      "live": false,
      "has_unpublished_changes": false,
      "first_published_at": null,
      "last_published_at": null,
      "live_revision": null,
      "go_live_at": null,
      "expire_at": null,
      "expired": false,
      "title": "Blog Page 3",
      "draft_title": "Blog Page 3",
      "slug": "blog-page-3",
      "content_type": 8,
      "url_path": "/home/this-is-the-blog-index/blog-page-3/",
      "owner": 1,
      "seo_title": "",
      "show_in_menus": false,
      "search_description": "",
      "locked": false,
      "locked_at": null,
      "locked_by": null,
      "latest_revision_created_at": null,
      "alias_of": null,
      "intro": "And you've reached the 3rd blog page",
      "body": "<p data-block-key=\"vhv2q\">Some more content</p>",
      "content": "[{\"type\": \"quote\", \"value\": {\"quote_content\": \"I had to beat an old lady with a stick to get these cranberries.\", \"person\": \"Bull\", \"random_id\": null}, \"id\": \"22db6376-bf9d-4438-b6a6-11db602dd4c4\"}]",
      "wagtail_admin_comments": []
    },
    "approved_go_live_at": null
  }
},
{
  "model": "wagtailcore.revision",
  "pk": 12,
  "fields": {
    "content_type": [
      "blog",
      "blogpage"
    ],
    "base_content_type": [
      "wagtailcore",
      "page"
    ],
    "object_id": "7",
    "submitted_for_moderation": false,
    "created_at": "2022-07-21T07:22:47.039Z",
    "user": [
      "admin"
    ],
    "object_str": "Blog Page 3",
    "content": {
      "pk": 7,
      "path": "0001000100010003",
      "depth": 4,
      "numchild": 0,
      "translation_key": "a072634b-6114-4a5f-9ff7-04bbc4264020",
      "locale": 1,
      "latest_revision": 11,
      "live": false,
      "has_unpublished_changes": true,
      "first_published_at": null,
      "last_published_at": null,
      "live_revision": null,
      "go_live_at": null,
      "expire_at": null,
      "expired": false,
      "title": "Blog Page 3",
      "draft_title": "Blog Page 3",
      "slug": "blog-page-3",
      "content_type": 8,
      "url_path": "/home/this-is-the-blog-index/blog-page-3/",
      "owner": 1,
      "seo_title": "",
      "show_in_menus": false,
      "search_description": "",
      "locked": false,
      "locked_at": null,
      "locked_by": null,
      "latest_revision_created_at": "2022-07-21T07:22:39.695Z",
      "alias_of": null,
      "intro": "And you've reached the 3rd blog page",
      "body": "<p data-block-key=\"vhv2q\">Some more content</p>",
      "content": "[{\"type\": \"quote\", \"value\": {\"quote_content\": \"I had to beat an old lady with a stick to get these cranberries.\", \"person\": \"Bully Maguire\", \"random_id\": 1}, \"id\": \"22db6376-bf9d-4438-b6a6-11db602dd4c4\"}]",
      "wagtail_admin_comments": []
    },
    "approved_go_live_at": null
  }
},
{
  "model": "wagtailcore.revision",
  "pk": 13,
  "fields": {
    "content_type": [
      "blog",
      "blogpage"
    ],
    "base_content_type": [
      "wagtailcore",
      "page"
    ],
    "object_id": "7",
    "submitted_for_moderation": false,
    "created_at": "2022-07-21T07:25:36.404Z",
    "user": [
      "admin"
    ],
    "object_str": "Blog Page 3",
    "content": {
      "pk": 7,
      "path": "0001000100010003",
      "depth": 4,
      "numchild": 0,
      "translation_key": "a072634b-6114-4a5f-9ff7-04bbc4264020",
      "locale": 1,
      "latest_revision": 12,
      "live": false,
      "has_unpublished_changes": true,
      "first_published_at": null,
      "last_published_at": null,
      "live_revision": null,
      "go_live_at": null,
      "expire_at": null,
      "expired": false,
      "title": "Blog Page 3",
      "draft_title": "Blog Page 3",
      "slug": "blog-page-3",
      "content_type": 8,
      "url_path": "/home/this-is-the-blog-index/blog-page-3/",
      "owner": 1,
      "seo_title": "",
      "show_in_menus": false,
      "search_description": "",
      "locked": false,
      "locked_at": null,
      "locked_by": null,
      "latest_revision_created_at": "2022-07-21T07:22:47.039Z",
      "alias_of": null,
      "intro": "And you've reached the 3rd blog page",
      "body": "<p data-block-key=\"vhv2q\">Some more content</p>",
      "content": "[{\"type\": \"quote\", \"value\": {\"quote_content\": \"I had to beat an old lady with a stick to get these cranberries.\", \"person\": \"Bully Maguire\", \"random_id\": 3}, \"id\": \"22db6376-bf9d-4438-b6a6-11db602dd4c4\"}, {\"type\": \"someblock\", \"value\": {\"random_content\": \"Tomatoes are fruits\", \"random_date\": \"2022-07-22\"}, \"id\": \"594dd700-0c29-4335-8aef-749a29149d73\"}]",
      "wagtail_admin_comments": []
    },
    "approved_go_live_at": null
  }
},
{
  "model": "wagtailcore.revision",
  "pk": 14,
  "fields": {
    "content_type": [
      "blog",
      "blogpage"
    ],
    "base_content_type": [
      "wagtailcore",
      "page"
    ],
    "object_id": "7",
    "submitted_for_moderation": false,
    "created_at": "2022-07-21T07:25:38.324Z",
    "user": [
      "admin"
    ],
    "object_str": "Blog Page 3",
    "content": {
      "pk": 7,
      "path": "0001000100010003",
      "depth": 4,
      "numchild": 0,
      "translation_key": "a072634b-6114-4a5f-9ff7-04bbc4264020",
      "locale": 1,
      "latest_revision": 13,
      "live": false,
      "has_unpublished_changes": true,
      "first_published_at": null,
      "last_published_at": null,
      "live_revision": null,
      "go_live_at": null,
      "expire_at": null,
      "expired": false,
      "title": "Blog Page 3",
      "draft_title": "Blog Page 3",
      "slug": "blog-page-3",
      "content_type": 8,
      "url_path": "/home/this-is-the-blog-index/blog-page-3/",
      "owner": 1,
      "seo_title": "",
      "show_in_menus": false,
      "search_description": "",
      "locked": false,
      "locked_at": null,
      "locked_by": null,
      "latest_revision_created_at": "2022-07-21T07:25:36.404Z",
      "alias_of": null,
      "intro": "And you've reached the 3rd blog page",
      "body": "<p data-block-key=\"vhv2q\">Some more content</p>",
      "content": "[{\"type\": \"quote\", \"value\": {\"quote_content\": \"I had to beat an old lady with a stick to get these cranberries.\", \"person\": \"Bully Maguire\", \"random_id\": 3}, \"id\": \"22db6376-bf9d-4438-b6a6-11db602dd4c4\"}, {\"type\": \"someblock\", \"value\": {\"random_content\": \"Tomatoes are fruits\", \"random_date\": \"2022-07-22\"}, \"id\": \"594dd700-0c29-4335-8aef-749a29149d73\"}]",
      "wagtail_admin_comments": []
    },
    "approved_go_live_at": null
  }
},
{
  "model": "wagtailcore.revision",
  "pk": 15,
  "fields": {
    "content_type": [
      "blog",
      "blogpage"
    ],
    "base_content_type": [
      "wagtailcore",
      "page"
    ],
    "object_id": "7",
    "submitted_for_moderation": false,
    "created_at": "2022-07-21T07:26:15.279Z",
    "user": [
      "admin"
    ],
    "object_str": "Blog Page 3",
    "content": {
      "pk": 7,
      "path": "0001000100010003",
      "depth": 4,
      "numchild": 0,
      "translation_key": "a072634b-6114-4a5f-9ff7-04bbc4264020",
      "locale": 1,
      "latest_revision": 14,
      "live": true,
      "has_unpublished_changes": false,
      "first_published_at": "2022-07-21T07:25:38.338Z",
      "last_published_at": "2022-07-21T07:25:38.338Z",
      "live_revision": 14,
      "go_live_at": null,
      "expire_at": null,
      "expired": false,
      "title": "Blog Page 3",
      "draft_title": "Blog Page 3",
      "slug": "blog-page-3",
      "content_type": 8,
      "url_path": "/home/this-is-the-blog-index/blog-page-3/",
      "owner": 1,
      "seo_title": "",
      "show_in_menus": false,
      "search_description": "",
      "locked": false,
      "locked_at": null,
      "locked_by": null,
      "latest_revision_created_at": "2022-07-21T07:25:38.324Z",
      "alias_of": null,
      "intro": "And you've reached the 3rd blog page",
      "body": "<p data-block-key=\"vhv2q\">Some more content</p>",
      "content": "[{\"type\": \"quote\", \"value\": {\"quote_content\": \"I had to beat an old lady with a stick to get these cranberries.\", \"person\": \"Bully Maguire\", \"random_id\": 3}, \"id\": \"22db6376-bf9d-4438-b6a6-11db602dd4c4\"}, {\"type\": \"someblock\", \"value\": {\"random_content\": \"Tomatoes are fruits\", \"random_date\": \"2022-07-22\"}, \"id\": \"594dd700-0c29-4335-8aef-749a29149d73\"}, {\"type\": \"someblock\", \"value\": {\"random_content\": \"Space is mostly empty\", \"random_date\": \"2022-07-22\"}, \"id\": \"6c94dce8-5bd3-4dcd-86c6-cc25aef1dabf\"}]",
      "wagtail_admin_comments": []
    },
    "approved_go_live_at": null
  }
},
{
  "model": "wagtailcore.revision",
  "pk": 16,
  "fields": {
    "content_type": [
      "blog",
      "blogpage"
    ],
    "base_content_type": [
      "wagtailcore",
      "page"
    ],
    "object_id": "7",
    "submitted_for_moderation": false,
    "created_at": "2022-07-21T07:26:17.434Z",
    "user": [
      "admin"
    ],
    "object_str": "Blog Page 3",
    "content": {
      "pk": 7,
      "path": "0001000100010003",
      "depth": 4,
      "numchild": 0,
      "translation_key": "a072634b-6114-4a5f-9ff7-04bbc4264020",
      "locale": 1,
      "latest_revision": 15,
      "live": true,
      "has_unpublished_changes": true,
      "first_published_at": "2022-07-21T07:25:38.338Z",
      "last_published_at": "2022-07-21T07:25:38.338Z",
      "live_revision": 14,
      "go_live_at": null,
      "expire_at": null,
      "expired": false,
      "title": "Blog Page 3",
      "draft_title": "Blog Page 3",
      "slug": "blog-page-3",
      "content_type": 8,
      "url_path": "/home/this-is-the-blog-index/blog-page-3/",
      "owner": 1,
      "seo_title": "",
      "show_in_menus": false,
      "search_description": "",
      "locked": false,
      "locked_at": null,
      "locked_by": null,
      "latest_revision_created_at": "2022-07-21T07:26:15.279Z",
      "alias_of": null,
      "intro": "And you've reached the 3rd blog page",
      "body": "<p data-block-key=\"vhv2q\">Some more content</p>",
      "content": "[{\"type\": \"quote\", \"value\": {\"quote_content\": \"I had to beat an old lady with a stick to get these cranberries.\", \"person\": \"Bully Maguire\", \"random_id\": 3}, \"id\": \"22db6376-bf9d-4438-b6a6-11db602dd4c4\"}, {\"type\": \"someblock\", \"value\": {\"random_content\": \"Tomatoes are fruits\", \"random_date\": \"2022-07-22\"}, \"id\": \"594dd700-0c29-4335-8aef-749a29149d73\"}, {\"type\": \"someblock\", \"value\": {\"random_content\": \"Space is mostly empty\", \"random_date\": \"2022-07-22\"}, \"id\": \"6c94dce8-5bd3-4dcd-86c6-cc25aef1dabf\"}]",
      "wagtail_admin_comments": []
    },
    "approved_go_live_at": null
  }
},
{
  "model": "wagtailcore.revision",
  "pk": 17,
  "fields": {
    "content_type": [
      "blog",
      "blogpage"
    ],
    "base_content_type": [
      "wagtailcore",
      "page"
    ],
    "object_id": "5",
    "submitted_for_moderation": false,
    "created_at": "2022-07-21T07:26:28.152Z",
    "user": [
      "admin"
    ],
    "object_str": "Blog Page 1",
    "content": {
      "pk": 5,
      "path": "0001000100010001",
      "depth": 4,
      "numchild": 0,
      "translation_key": "b54aa461-a6a5-43a5-bb57-1f6a3fd6f0a1",
      "locale": 1,
      "latest_revision": 6,
      "live": true,
      "has_unpublished_changes": false,
      "first_published_at": "2022-07-21T07:16:16.273Z",
      "last_published_at": "2022-07-21T07:16:16.273Z",
      "live_revision": 6,
      "go_live_at": null,
      "expire_at": null,
      "expired": false,
      "title": "Blog Page 1",
      "draft_title": "Blog Page 1",
      "slug": "blog-page-1",
      "content_type": 8,
      "url_path": "/home/this-is-the-blog-index/blog-page-1/",
      "owner": 1,
      "seo_title": "",
      "show_in_menus": false,
      "search_description": "",
      "locked": false,
      "locked_at": null,
      "locked_by": null,
      "latest_revision_created_at": "2022-07-21T07:16:16.260Z",
      "alias_of": null,
      "intro": "This is the 1st blog page",
      "body": "<p data-block-key=\"pmfk7\">Some content</p>",
      "content": "[{\"type\": \"quote\", \"value\": {\"quote_content\": \"Im going to put some dirt in your eye\", \"person\": \"Bully Maguire\", \"random_id\": 1}, \"id\": \"4390e0dd-5bf3-4034-9311-139f85620f9f\"}, {\"type\": \"field1\", \"value\": \"blah blah blah\", \"id\": \"1c2b55ce-e22c-4650-8d11-47cbf01d755c\"}, {\"type\": \"date\", \"value\": \"2022-07-14T12:19:00Z\", \"id\": \"c9b88c74-6fc4-476c-b41f-fea81ccc12db\"}, {\"type\": \"quote\", \"value\": {\"quote_content\": \"My mama always said, life is like a box of chocolates. You never know what you're gonna get.\", \"person\": \"Forrest Gump\", \"random_id\": null}, \"id\": \"4a859bb1-d4af-48a8-a6ab-1de38489db09\"}]",
      "wagtail_admin_comments": []
    },
    "approved_go_live_at": null
  }
},
{
  "model": "wagtailcore.revision",
  "pk": 18,
  "fields": {
    "content_type": [
      "blog",
      "blogpage"
    ],
    "base_content_type": [
      "wagtailcore",
      "page"
    ],
    "object_id": "5",
    "submitted_for_moderation": false,
    "created_at": "2022-07-21T07:26:29.682Z",
    "user": [
      "admin"
    ],
    "object_str": "Blog Page 1",
    "content": {
      "pk": 5,
      "path": "0001000100010001",
      "depth": 4,
      "numchild": 0,
      "translation_key": "b54aa461-a6a5-43a5-bb57-1f6a3fd6f0a1",
      "locale": 1,
      "latest_revision": 17,
      "live": true,
      "has_unpublished_changes": true,
      "first_published_at": "2022-07-21T07:16:16.273Z",
      "last_published_at": "2022-07-21T07:16:16.273Z",
      "live_revision": 6,
      "go_live_at": null,
      "expire_at": null,
      "expired": false,
      "title": "Blog Page 1",
      "draft_title": "Blog Page 1",
      "slug": "blog-page-1",
      "content_type": 8,
      "url_path": "/home/this-is-the-blog-index/blog-page-1/",
      "owner": 1,
      "seo_title": "",
      "show_in_menus": false,
      "search_description": "",
      "locked": false,
      "locked_at": null,
      "locked_by": null,
      "latest_revision_created_at": "2022-07-21T07:26:28.152Z",
      "alias_of": null,
      "intro": "This is the 1st blog page",
      "body": "<p data-block-key=\"pmfk7\">Some content</p>",
      "content": "[{\"type\": \"quote\", \"value\": {\"quote_content\": \"Im going to put some dirt in your eye\", \"person\": \"Bully Maguire\", \"random_id\": 1}, \"id\": \"4390e0dd-5bf3-4034-9311-139f85620f9f\"}, {\"type\": \"field1\", \"value\": \"blah blah blah\", \"id\": \"1c2b55ce-e22c-4650-8d11-47cbf01d755c\"}, {\"type\": \"date\", \"value\": \"2022-07-14T12:19:00Z\", \"id\": \"c9b88c74-6fc4-476c-b41f-fea81ccc12db\"}, {\"type\": \"quote\", \"value\": {\"quote_content\": \"My mama always said, life is like a box of chocolates. You never know what you're gonna get.\", \"person\": \"Forrest Gump\", \"random_id\": null}, \"id\": \"4a859bb1-d4af-48a8-a6ab-1de38489db09\"}]",
      "wagtail_admin_comments": []
    },
    "approved_go_live_at": null
  }
},
{
  "model": "wagtailcore.page",
  "pk": 1,
  "fields": {
    "path": "0001",
    "depth": 1,
    "numchild": 1,
    "translation_key": "cafae49e-e6a9-4c96-8789-a47eb3df8bac",
    "locale": 1,
    "latest_revision": null,
    "live": true,
    "has_unpublished_changes": false,
    "first_published_at": null,
    "last_published_at": null,
    "live_revision": null,
    "go_live_at": null,
    "expire_at": null,
    "expired": false,
    "title": "Root",
    "draft_title": "Root",
    "slug": "root",
    "content_type": [
      "wagtailcore",
      "page"
    ],
    "url_path": "/",
    "owner": null,
    "seo_title": "",
    "show_in_menus": false,
    "search_description": "",
    "locked": false,
    "locked_at": null,
    "locked_by": null,
    "latest_revision_created_at": null,
    "alias_of": null
  }
},
{
  "model": "wagtailcore.page",
  "pk": 3,
  "fields": {
    "path": "00010001",
    "depth": 2,
    "numchild": 1,
    "translation_key": "aca63119-3aaa-4344-b220-9c3c33c05851",
    "locale": 1,
    "latest_revision": 2,
    "live": true,
    "has_unpublished_changes": false,
    "first_published_at": "2022-07-21T06:45:25.872Z",
    "last_published_at": "2022-07-21T06:45:25.872Z",
    "live_revision": 2,
    "go_live_at": null,
    "expire_at": null,
    "expired": false,
    "title": "Home",
    "draft_title": "Home",
    "slug": "home",
    "content_type": [
      "home",
      "homepage"
    ],
    "url_path": "/home/",
    "owner": null,
    "seo_title": "",
    "show_in_menus": false,
    "search_description": "",
    "locked": false,
    "locked_at": null,
    "locked_by": null,
    "latest_revision_created_at": "2022-07-21T06:45:25.859Z",
    "alias_of": null
  }
},
{
  "model": "wagtailcore.page",
  "pk": 4,
  "fields": {
    "path": "000100010001",
    "depth": 3,
    "numchild": 3,
    "translation_key": "f9c118ba-ad43-477a-bb08-60c82e3cf5c3",
    "locale": 1,
    "latest_revision": 4,
    "live": true,
    "has_unpublished_changes": false,
    "first_published_at": "2022-07-21T06:46:44.021Z",
    "last_published_at": "2022-07-21T06:46:44.021Z",
    "live_revision": 4,
    "go_live_at": null,
    "expire_at": null,
    "expired": false,
    "title": "This is the blog index",
    "draft_title": "This is the blog index",
    "slug": "this-is-the-blog-index",
    "content_type": [
      "blog",
      "blogindexpage"
    ],
    "url_path": "/home/this-is-the-blog-index/",
    "owner": [
      "admin"
    ],
    "seo_title": "",
    "show_in_menus": false,
    "search_description": "",
    "locked": false,
    "locked_at": null,
    "locked_by": null,
    "latest_revision_created_at": "2022-07-21T06:46:44.008Z",
    "alias_of": null
  }
},
{
  "model": "wagtailcore.page",
  "pk": 5,
  "fields": {
    "path": "0001000100010001",
    "depth": 4,
    "numchild": 0,
    "translation_key": "b54aa461-a6a5-43a5-bb57-1f6a3fd6f0a1",
    "locale": 1,
    "latest_revision": 18,
    "live": true,
    "has_unpublished_changes": false,
    "first_published_at": "2022-07-21T07:16:16.273Z",
    "last_published_at": "2022-07-21T07:26:29.696Z",
    "live_revision": 18,
    "go_live_at": null,
    "expire_at": null,
    "expired": false,
    "title": "Blog Page 1",
    "draft_title": "Blog Page 1",
    "slug": "blog-page-1",
    "content_type": [
      "blog",
      "blogpage"
    ],
    "url_path": "/home/this-is-the-blog-index/blog-page-1/",
    "owner": [
      "admin"
    ],
    "seo_title": "",
    "show_in_menus": false,
    "search_description": "",
    "locked": false,
    "locked_at": null,
    "locked_by": null,
    "latest_revision_created_at": "2022-07-21T07:26:29.682Z",
    "alias_of": null
  }
},
{
  "model": "wagtailcore.page",
  "pk": 6,
  "fields": {
    "path": "0001000100010002",
    "depth": 4,
    "numchild": 0,
    "translation_key": "44fee032-6bc6-4fe0-be03-5bad143b0d59",
    "locale": 1,
    "latest_revision": 10,
    "live": true,
    "has_unpublished_changes": false,
    "first_published_at": "2022-07-21T07:19:32.147Z",
    "last_published_at": "2022-07-21T07:19:46.775Z",
    "live_revision": 10,
    "go_live_at": null,
    "expire_at": null,
    "expired": false,
    "title": "Blog Page 2",
    "draft_title": "Blog Page 2",
    "slug": "blog-page-2",
    "content_type": [
      "blog",
      "blogpage"
    ],
    "url_path": "/home/this-is-the-blog-index/blog-page-2/",
    "owner": [
      "admin"
    ],
    "seo_title": "",
    "show_in_menus": false,
    "search_description": "",
    "locked": false,
    "locked_at": null,
    "locked_by": null,
    "latest_revision_created_at": "2022-07-21T07:19:46.760Z",
    "alias_of": null
  }
},
{
  "model": "wagtailcore.page",
  "pk": 7,
  "fields": {
    "path": "0001000100010003",
    "depth": 4,
    "numchild": 0,
    "translation_key": "a072634b-6114-4a5f-9ff7-04bbc4264020",
    "locale": 1,
    "latest_revision": 16,
    "live": true,
    "has_unpublished_changes": false,
    "first_published_at": "2022-07-21T07:25:38.338Z",
    "last_published_at": "2022-07-21T07:26:17.448Z",
    "live_revision": 16,
    "go_live_at": null,
    "expire_at": null,
    "expired": false,
    "title": "Blog Page 3",
    "draft_title": "Blog Page 3",
    "slug": "blog-page-3",
    "content_type": [
      "blog",
      "blogpage"
    ],
    "url_path": "/home/this-is-the-blog-index/blog-page-3/",
    "owner": [
      "admin"
    ],
    "seo_title": "",
    "show_in_menus": false,
    "search_description": "",
    "locked": false,
    "locked_at": null,
    "locked_by": null,
    "latest_revision_created_at": "2022-07-21T07:26:17.434Z",
    "alias_of": null
  }
},
{
  "model": "blog.blogpage",
  "pk": 5,
  "fields": {
    "intro": "This is the 1st blog page",
    "body": "<p data-block-key=\"pmfk7\">Some content</p>",
    "content": "[{\"type\": \"quote\", \"value\": {\"quote_content\": \"Im going to put some dirt in your eye\", \"person\": \"Bully Maguire\", \"random_id\": 1}, \"id\": \"4390e0dd-5bf3-4034-9311-139f85620f9f\"}, {\"type\": \"field1\", \"value\": \"blah blah blah\", \"id\": \"1c2b55ce-e22c-4650-8d11-47cbf01d755c\"}, {\"type\": \"date\", \"value\": \"2022-07-14T12:19:00Z\", \"id\": \"c9b88c74-6fc4-476c-b41f-fea81ccc12db\"}, {\"type\": \"quote\", \"value\": {\"quote_content\": \"My mama always said, life is like a box of chocolates. You never know what you're gonna get.\", \"person\": \"Forrest Gump\", \"random_id\": null}, \"id\": \"4a859bb1-d4af-48a8-a6ab-1de38489db09\"}]"
  }
},
{
  "model": "blog.blogpage",
  "pk": 6,
  "fields": {
    "intro": "Welcome to the 2nd blog page",
    "body": "<p data-block-key=\"mgjor\">Lorem ipsum dolor sit amet, consectetur adipiscing elit, sed do eiusmod tempor incididunt ut labore et dolore magna aliqua. Ut enim ad minim veniam, quis nostrud exercitation ullamco laboris nisi ut aliquip ex ea commodo consequat. Duis aute irure dolor in reprehenderit in voluptate velit esse cillum dolore eu fugiat nulla pariatur. Excepteur sint occaecat cupidatat non proident, sunt in culpa qui officia deserunt mollit anim id est laborum.</p>",
    "content": "[{\"type\": \"quote\", \"value\": {\"quote_content\": \"I missed the part where that's my problem\", \"person\": \"Bully Maguire\", \"random_id\": 0}, \"id\": \"5292871d-481c-4f6e-af2e-39481fc67c20\"}, {\"type\": \"field1\", \"value\": \"The sky is blue\", \"id\": \"ad7e41d7-9afd-4667-991e-927305953de8\"}, {\"type\": \"field1\", \"value\": \"The blue is sky\", \"id\": \"ec860767-4e0a-49be-822a-297f7422238a\"}, {\"type\": \"somestreamblock\", \"value\": [{\"type\": \"title\", \"value\": \"Reddish colours\", \"id\": \"320f6381-b301-4e4f-8b60-bc22c8f46c5c\"}, {\"type\": \"content\", \"value\": \"Red\", \"id\": \"77864ea0-53c9-4678-8d61-706ba030a9bc\"}, {\"type\": \"content\", \"value\": \"Scarlet\", \"id\": \"9aa48273-06d8-4ea5-8c84-832e6017f116\"}, {\"type\": \"content\", \"value\": \"Vermillion\", \"id\": \"ba1f7a30-4f90-4c3e-bceb-8f87605f2672\"}], \"id\": \"dfa32451-1028-4498-9541-a7e99f764ed4\"}]"
  }
},
{
  "model": "blog.blogpage",
  "pk": 7,
  "fields": {
    "intro": "And you've reached the 3rd blog page",
    "body": "<p data-block-key=\"vhv2q\">Some more content</p>",
    "content": "[{\"type\": \"quote\", \"value\": {\"quote_content\": \"I had to beat an old lady with a stick to get these cranberries.\", \"person\": \"Bully Maguire\", \"random_id\": 3}, \"id\": \"22db6376-bf9d-4438-b6a6-11db602dd4c4\"}, {\"type\": \"someblock\", \"value\": {\"random_content\": \"Tomatoes are fruits\", \"random_date\": \"2022-07-22\"}, \"id\": \"594dd700-0c29-4335-8aef-749a29149d73\"}, {\"type\": \"someblock\", \"value\": {\"random_content\": \"Space is mostly empty\", \"random_date\": \"2022-07-22\"}, \"id\": \"6c94dce8-5bd3-4dcd-86c6-cc25aef1dabf\"}]"
  }
},
{
  "model": "blog.blogindexpage",
  "pk": 4,
  "fields": {
    "intro": "<p data-block-key=\"uhvgo\">These are the blog posts</p>"
  }
},
{
  "model": "home.homepage",
  "pk": 3,
  "fields": {
    "body": "<p data-block-key=\"2vi4o\">Welcome</p>"
  }
}
]
