[
{
  "model": "wagtailcore.locale",
  "pk": 1,
  "fields": {
    "language_code": "en"
  }
},
{
  "model": "wagtailcore.site",
  "pk": 2,
  "fields": {
    "hostname": "localhost",
    "port": 80,
    "site_name": "",
    "root_page": 3,
    "is_default_site": true
  }
},
{
  "model": "wagtailcore.collection",
  "pk": 1,
  "fields": {
    "path": "0001",
    "depth": 1,
    "numchild": 0,
    "name": "Root"
  }
},
{
  "model": "wagtailcore.workflowpage",
  "pk": 1,
  "fields": {
    "workflow": 1
  }
},
{
  "model": "wagtailcore.workflowtask",
  "pk": 1,
  "fields": {
    "sort_order": 0,
    "workflow": 1,
    "task": 1
  }
},
{
  "model": "wagtailcore.task",
  "pk": 1,
  "fields": {
    "name": "Moderators approval",
    "content_type": [
      "wagtailcore",
      "groupapprovaltask"
    ],
    "active": true
  }
},
{
  "model": "wagtailcore.workflow",
  "pk": 1,
  "fields": {
    "name": "Moderators approval",
    "active": true
  }
},
{
  "model": "auth.group",
  "pk": 1,
  "fields": {
    "name": "Moderators",
    "permissions": [
      [
        "access_admin",
        "wagtailadmin",
        "admin"
      ],
      [
        "add_document",
        "wagtaildocs",
        "document"
      ],
      [
        "change_document",
        "wagtaildocs",
        "document"
      ],
      [
        "choose_document",
        "wagtaildocs",
        "document"
      ],
      [
        "delete_document",
        "wagtaildocs",
        "document"
      ],
      [
        "add_image",
        "wagtailimages",
        "image"
      ],
      [
        "change_image",
        "wagtailimages",
        "image"
      ],
      [
        "choose_image",
        "wagtailimages",
        "image"
      ],
      [
        "delete_image",
        "wagtailimages",
        "image"
      ]
    ]
  }
},
{
  "model": "auth.group",
  "pk": 2,
  "fields": {
    "name": "Editors",
    "permissions": [
      [
        "access_admin",
        "wagtailadmin",
        "admin"
      ],
      [
        "add_document",
        "wagtaildocs",
        "document"
      ],
      [
        "change_document",
        "wagtaildocs",
        "document"
      ],
      [
        "choose_document",
        "wagtaildocs",
        "document"
      ],
      [
        "delete_document",
        "wagtaildocs",
        "document"
      ],
      [
        "add_image",
        "wagtailimages",
        "image"
      ],
      [
        "change_image",
        "wagtailimages",
        "image"
      ],
      [
        "choose_image",
        "wagtailimages",
        "image"
      ],
      [
        "delete_image",
        "wagtailimages",
        "image"
      ]
    ]
  }
},
{
  "model": "auth.user",
  "pk": 1,
  "fields": {
    "password": "pbkdf2_sha256$320000$qjPUkHsBWxfxTzN3Uq7LNJ$JWDcn90XC3iuU1aND/vUbbS6nFs9qdUz6qE6REPKvgc=",
    "last_login": "2022-06-16T07:05:04.421Z",
    "is_superuser": true,
    "username": "admin",
    "first_name": "",
    "last_name": "",
    "email": "",
    "is_staff": true,
    "is_active": true,
    "date_joined": "2022-05-28T14:10:19.337Z",
    "groups": [],
    "user_permissions": []
  }
},
{
  "model": "wagtailcore.pagesubscription",
  "pk": 1,
  "fields": {
    "user": [
      "admin"
    ],
    "page": 3,
    "comment_notifications": false
  }
},
{
  "model": "wagtailcore.pagesubscription",
  "pk": 2,
  "fields": {
    "user": [
      "admin"
    ],
    "page": 4,
    "comment_notifications": true
  }
},
{
  "model": "wagtailcore.pagesubscription",
  "pk": 3,
  "fields": {
    "user": [
      "admin"
    ],
    "page": 5,
    "comment_notifications": true
  }
},
{
  "model": "wagtailcore.pagesubscription",
  "pk": 4,
  "fields": {
    "user": [
      "admin"
    ],
    "page": 6,
    "comment_notifications": true
  }
},
{
  "model": "wagtailcore.pagesubscription",
  "pk": 5,
  "fields": {
    "user": [
      "admin"
    ],
    "page": 7,
    "comment_notifications": true
  }
},
{
  "model": "wagtailcore.pagesubscription",
  "pk": 6,
  "fields": {
    "user": [
      "admin"
    ],
    "page": 8,
    "comment_notifications": true
  }
},
{
  "model": "wagtailcore.pagelogentry",
  "pk": 1,
  "fields": {
    "content_type": [
      "home",
      "homepage"
    ],
    "label": "Home",
    "action": "wagtail.edit",
    "data": {},
    "timestamp": "2022-05-28T14:12:25.483Z",
    "uuid": "5c4d9968-e096-4ccf-8a36-07ccaf5c1ef1",
    "user": [
      "admin"
    ],
    "content_changed": true,
    "deleted": false,
    "page": 3,
    "revision": 1
  }
},
{
  "model": "wagtailcore.pagelogentry",
  "pk": 2,
  "fields": {
    "content_type": [
      "home",
      "homepage"
    ],
    "label": "Home",
    "action": "wagtail.publish",
    "data": {},
    "timestamp": "2022-05-28T14:12:25.500Z",
    "uuid": "5c4d9968-e096-4ccf-8a36-07ccaf5c1ef1",
    "user": [
      "admin"
    ],
    "content_changed": true,
    "deleted": false,
    "page": 3,
    "revision": 1
  }
},
{
  "model": "wagtailcore.pagelogentry",
  "pk": 3,
  "fields": {
    "content_type": [
      "blog",
      "blogindexpage"
    ],
    "label": "Blog Index",
    "action": "wagtail.create",
    "data": {},
    "timestamp": "2022-05-28T14:12:44.970Z",
    "uuid": "f402f8c0-227e-4d7c-87e5-99e633a92be9",
    "user": [
      "admin"
    ],
    "content_changed": true,
    "deleted": false,
    "page": 4,
    "revision": null
  }
},
{
  "model": "wagtailcore.pagelogentry",
  "pk": 4,
  "fields": {
    "content_type": [
      "blog",
      "blogindexpage"
    ],
    "label": "Blog Index",
    "action": "wagtail.edit",
    "data": {},
    "timestamp": "2022-05-28T14:12:46.995Z",
    "uuid": "48deb6ce-d70c-4fce-9306-a724aa561049",
    "user": [
      "admin"
    ],
    "content_changed": true,
    "deleted": false,
    "page": 4,
    "revision": 3
  }
},
{
  "model": "wagtailcore.pagelogentry",
  "pk": 5,
  "fields": {
    "content_type": [
      "blog",
      "blogindexpage"
    ],
    "label": "Blog Index",
    "action": "wagtail.publish",
    "data": {},
    "timestamp": "2022-05-28T14:12:47.012Z",
    "uuid": "48deb6ce-d70c-4fce-9306-a724aa561049",
    "user": [
      "admin"
    ],
    "content_changed": false,
    "deleted": false,
    "page": 4,
    "revision": 3
  }
},
{
  "model": "wagtailcore.pagelogentry",
  "pk": 6,
  "fields": {
    "content_type": [
      "blog",
      "blogpage"
    ],
    "label": "Blog Page 1",
    "action": "wagtail.create",
    "data": {},
    "timestamp": "2022-05-28T14:15:25.664Z",
    "uuid": "df5875ce-86a3-4600-b82e-23992b0c904e",
    "user": [
      "admin"
    ],
    "content_changed": true,
    "deleted": false,
    "page": 5,
    "revision": null
  }
},
{
  "model": "wagtailcore.pagelogentry",
  "pk": 7,
  "fields": {
    "content_type": [
      "blog",
      "blogpage"
    ],
    "label": "Blog Page 1",
    "action": "wagtail.publish",
    "data": {},
    "timestamp": "2022-05-28T14:15:25.691Z",
    "uuid": "df5875ce-86a3-4600-b82e-23992b0c904e",
    "user": [
      "admin"
    ],
    "content_changed": true,
    "deleted": false,
    "page": 5,
    "revision": 4
  }
},
{
  "model": "wagtailcore.pagelogentry",
  "pk": 8,
  "fields": {
    "content_type": [
      "blog",
      "blogpage"
    ],
    "label": "Blog Page 1",
    "action": "wagtail.edit",
    "data": {},
    "timestamp": "2022-05-28T14:15:34.288Z",
    "uuid": "0f8e7e97-d6e9-4fc1-b9a1-e09d9ae84d70",
    "user": [
      "admin"
    ],
    "content_changed": true,
    "deleted": false,
    "page": 5,
    "revision": 5
  }
},
{
  "model": "wagtailcore.pagelogentry",
  "pk": 9,
  "fields": {
    "content_type": [
      "blog",
      "blogpage"
    ],
    "label": "Blog Page 1",
    "action": "wagtail.edit",
    "data": {},
    "timestamp": "2022-05-28T14:15:38.065Z",
    "uuid": "f8c41845-2819-4cc2-9ac1-6345d48bdfb0",
    "user": [
      "admin"
    ],
    "content_changed": true,
    "deleted": false,
    "page": 5,
    "revision": 6
  }
},
{
  "model": "wagtailcore.pagelogentry",
  "pk": 10,
  "fields": {
    "content_type": [
      "blog",
      "blogpage"
    ],
    "label": "Blog Page 1",
    "action": "wagtail.publish",
    "data": {},
    "timestamp": "2022-05-28T14:15:38.084Z",
    "uuid": "f8c41845-2819-4cc2-9ac1-6345d48bdfb0",
    "user": [
      "admin"
    ],
    "content_changed": false,
    "deleted": false,
    "page": 5,
    "revision": 6
  }
},
{
  "model": "wagtailcore.pagelogentry",
  "pk": 11,
  "fields": {
    "content_type": [
      "blog",
      "blogpage"
    ],
    "label": "Blog Page 2",
    "action": "wagtail.create",
    "data": {},
    "timestamp": "2022-05-28T14:28:39.016Z",
    "uuid": "57e8c248-34f2-4647-a135-674ac0c39525",
    "user": [
      "admin"
    ],
    "content_changed": true,
    "deleted": false,
    "page": 6,
    "revision": null
  }
},
{
  "model": "wagtailcore.pagelogentry",
  "pk": 12,
  "fields": {
    "content_type": [
      "blog",
      "blogpage"
    ],
    "label": "Blog Page 2",
    "action": "wagtail.edit",
    "data": {},
    "timestamp": "2022-05-28T14:28:43.384Z",
    "uuid": "4be684ed-7595-4239-9cf7-d33c0869b51a",
    "user": [
      "admin"
    ],
    "content_changed": true,
    "deleted": false,
    "page": 6,
    "revision": 8
  }
},
{
  "model": "wagtailcore.pagelogentry",
  "pk": 13,
  "fields": {
    "content_type": [
      "blog",
      "blogpage"
    ],
    "label": "Blog Page 2",
    "action": "wagtail.publish",
    "data": {},
    "timestamp": "2022-05-28T14:28:43.402Z",
    "uuid": "4be684ed-7595-4239-9cf7-d33c0869b51a",
    "user": [
      "admin"
    ],
    "content_changed": true,
    "deleted": false,
    "page": 6,
    "revision": 8
  }
},
{
  "model": "wagtailcore.pagelogentry",
  "pk": 14,
  "fields": {
    "content_type": [
      "blog",
      "blogpage"
    ],
    "label": "Blog Page 3",
    "action": "wagtail.create",
    "data": {},
    "timestamp": "2022-05-28T14:31:27.819Z",
    "uuid": "ab432680-ac3c-4d39-a6d6-2bc0526ab4f4",
    "user": [
      "admin"
    ],
    "content_changed": true,
    "deleted": false,
    "page": 7,
    "revision": null
  }
},
{
  "model": "wagtailcore.pagelogentry",
  "pk": 15,
  "fields": {
    "content_type": [
      "blog",
      "blogpage"
    ],
    "label": "Blog Page 3",
    "action": "wagtail.edit",
    "data": {},
    "timestamp": "2022-05-28T14:31:30.692Z",
    "uuid": "ca7f692a-3aa7-450d-9ec1-c2645279b997",
    "user": [
      "admin"
    ],
    "content_changed": true,
    "deleted": false,
    "page": 7,
    "revision": 10
  }
},
{
  "model": "wagtailcore.pagelogentry",
  "pk": 16,
  "fields": {
    "content_type": [
      "blog",
      "blogpage"
    ],
    "label": "Blog Page 3",
    "action": "wagtail.publish",
    "data": {},
    "timestamp": "2022-05-28T14:31:30.710Z",
    "uuid": "ca7f692a-3aa7-450d-9ec1-c2645279b997",
    "user": [
      "admin"
    ],
    "content_changed": true,
    "deleted": false,
    "page": 7,
    "revision": 10
  }
},
{
  "model": "wagtailcore.pagelogentry",
  "pk": 17,
  "fields": {
    "content_type": [
      "blog",
      "blogpage"
    ],
    "label": "Blog Page 4",
    "action": "wagtail.create",
    "data": {},
    "timestamp": "2022-05-28T14:37:41.117Z",
    "uuid": "d7a13bc1-dceb-4c5c-af9f-85c76c391774",
    "user": [
      "admin"
    ],
    "content_changed": true,
    "deleted": false,
    "page": 8,
    "revision": null
  }
},
{
  "model": "wagtailcore.pagelogentry",
  "pk": 18,
  "fields": {
    "content_type": [
      "blog",
      "blogpage"
    ],
    "label": "Blog Page 4",
    "action": "wagtail.edit",
    "data": {},
    "timestamp": "2022-05-28T14:37:46.322Z",
    "uuid": "090a3ab5-d2bd-4370-9753-8b57ab20fbed",
    "user": [
      "admin"
    ],
    "content_changed": true,
    "deleted": false,
    "page": 8,
    "revision": 12
  }
},
{
  "model": "wagtailcore.pagelogentry",
  "pk": 19,
  "fields": {
    "content_type": [
      "blog",
      "blogpage"
    ],
    "label": "Blog Page 4",
    "action": "wagtail.publish",
    "data": {},
    "timestamp": "2022-05-28T14:37:46.339Z",
    "uuid": "090a3ab5-d2bd-4370-9753-8b57ab20fbed",
    "user": [
      "admin"
    ],
    "content_changed": true,
    "deleted": false,
    "page": 8,
    "revision": 12
  }
},
{
  "model": "wagtailcore.pagelogentry",
  "pk": 20,
  "fields": {
    "content_type": [
      "blog",
      "blogpage"
    ],
    "label": "Blog Page 2",
    "action": "wagtail.edit",
    "data": {},
    "timestamp": "2022-06-16T06:52:07.252Z",
    "uuid": "c9839282-4519-4af1-84ea-7733ad8fae0b",
    "user": [
      "admin"
    ],
    "content_changed": true,
    "deleted": false,
    "page": 6,
    "revision": 13
  }
},
{
  "model": "wagtailcore.pagelogentry",
  "pk": 21,
  "fields": {
    "content_type": [
      "blog",
      "blogpage"
    ],
    "label": "Blog Page 2",
    "action": "wagtail.edit",
    "data": {},
    "timestamp": "2022-06-16T06:58:49.420Z",
    "uuid": "87ebaad7-354c-40fc-912f-2df9e4b326a0",
    "user": [
      "admin"
    ],
    "content_changed": true,
    "deleted": false,
    "page": 6,
    "revision": 14
  }
},
{
  "model": "wagtailcore.pagelogentry",
  "pk": 22,
  "fields": {
    "content_type": [
      "blog",
      "blogpage"
    ],
    "label": "Blog Page 3",
    "action": "wagtail.edit",
    "data": {},
    "timestamp": "2022-06-16T07:01:29.790Z",
    "uuid": "f85e6b31-0984-4f8e-a7e5-710236fede89",
    "user": [
      "admin"
    ],
    "content_changed": true,
    "deleted": false,
    "page": 7,
    "revision": 15
  }
},
{
  "model": "wagtailcore.pagelogentry",
  "pk": 23,
  "fields": {
    "content_type": [
      "blog",
      "blogpage"
    ],
    "label": "Blog Page 3",
    "action": "wagtail.edit",
    "data": {},
    "timestamp": "2022-06-16T07:02:15.039Z",
    "uuid": "d4157e71-95c2-4c98-a88b-e4338c950bd1",
    "user": [
      "admin"
    ],
    "content_changed": true,
    "deleted": false,
    "page": 7,
    "revision": 16
  }
},
{
  "model": "wagtailcore.pagelogentry",
  "pk": 24,
  "fields": {
    "content_type": [
      "blog",
      "blogpage"
    ],
    "label": "Blog Page 3",
    "action": "wagtail.edit",
    "data": {},
    "timestamp": "2022-06-16T07:02:17.589Z",
    "uuid": "067e9dc7-aac9-43f7-b95c-fcd7dc591d6a",
    "user": [
      "admin"
    ],
    "content_changed": true,
    "deleted": false,
    "page": 7,
    "revision": 17
  }
},
{
  "model": "wagtailcore.pagelogentry",
  "pk": 25,
  "fields": {
    "content_type": [
      "blog",
      "blogpage"
    ],
    "label": "Blog Page 3",
    "action": "wagtail.publish",
    "data": {},
    "timestamp": "2022-06-16T07:02:17.607Z",
    "uuid": "067e9dc7-aac9-43f7-b95c-fcd7dc591d6a",
    "user": [
      "admin"
    ],
    "content_changed": true,
    "deleted": false,
    "page": 7,
    "revision": 17
  }
},
{
  "model": "wagtailcore.pagelogentry",
  "pk": 26,
  "fields": {
    "content_type": [
      "blog",
      "blogpage"
    ],
    "label": "Blog Page 2",
    "action": "wagtail.edit",
    "data": {},
    "timestamp": "2022-06-16T07:02:27.264Z",
    "uuid": "54fd20a5-a1e1-44b8-a00e-be8569804c5b",
    "user": [
      "admin"
    ],
    "content_changed": true,
    "deleted": false,
    "page": 6,
    "revision": 18
  }
},
{
  "model": "wagtailcore.pagelogentry",
  "pk": 27,
  "fields": {
    "content_type": [
      "blog",
      "blogpage"
    ],
    "label": "Blog Page 2",
    "action": "wagtail.publish",
    "data": {},
    "timestamp": "2022-06-16T07:02:27.282Z",
    "uuid": "54fd20a5-a1e1-44b8-a00e-be8569804c5b",
    "user": [
      "admin"
    ],
    "content_changed": true,
    "deleted": false,
    "page": 6,
    "revision": 18
  }
},
{
  "model": "wagtailcore.pagelogentry",
  "pk": 28,
  "fields": {
    "content_type": [
      "blog",
      "blogpage"
    ],
    "label": "Blog Page 4",
    "action": "wagtail.edit",
    "data": {},
    "timestamp": "2022-06-16T07:11:14.529Z",
    "uuid": "0e79b15d-3b9c-4fa9-8731-494ce09dc2b4",
    "user": [
      "admin"
    ],
    "content_changed": true,
    "deleted": false,
    "page": 8,
    "revision": 19
  }
},
{
  "model": "wagtailcore.pagelogentry",
  "pk": 29,
  "fields": {
    "content_type": [
      "blog",
      "blogpage"
    ],
    "label": "Blog Page 4",
    "action": "wagtail.edit",
    "data": {},
    "timestamp": "2022-06-16T07:11:18.037Z",
    "uuid": "a7bc1698-ed27-4b2d-a7c8-331832e339e6",
    "user": [
      "admin"
    ],
    "content_changed": true,
    "deleted": false,
    "page": 8,
    "revision": 20
  }
},
{
  "model": "wagtailcore.pagelogentry",
  "pk": 30,
  "fields": {
    "content_type": [
      "blog",
      "blogpage"
    ],
    "label": "Blog Page 4",
    "action": "wagtail.publish",
    "data": {},
    "timestamp": "2022-06-16T07:11:18.055Z",
    "uuid": "a7bc1698-ed27-4b2d-a7c8-331832e339e6",
    "user": [
      "admin"
    ],
    "content_changed": true,
    "deleted": false,
    "page": 8,
    "revision": 20
  }
},
{
  "model": "wagtailcore.groupapprovaltask",
  "pk": 1,
  "fields": {
    "groups": [
      [
        "Moderators"
      ]
    ]
  }
},
{
  "model": "wagtailcore.pagerevision",
  "pk": 1,
  "fields": {
    "page": 3,
    "submitted_for_moderation": false,
    "created_at": "2022-05-28T14:12:25.475Z",
    "user": [
      "admin"
    ],
    "content": {
      "pk": 3,
      "path": "00010001",
      "depth": 2,
      "numchild": 0,
      "translation_key": "fe986bac-c035-474b-af3f-6d3899d1f40f",
      "locale": 1,
      "title": "Home",
      "draft_title": "Home",
      "slug": "home",
      "content_type": 3,
      "live": true,
      "has_unpublished_changes": false,
      "url_path": "/home/",
      "owner": null,
      "seo_title": "",
      "show_in_menus": false,
      "search_description": "",
      "go_live_at": null,
      "expire_at": null,
      "expired": false,
      "locked": false,
      "locked_at": null,
      "locked_by": null,
      "first_published_at": null,
      "last_published_at": null,
      "latest_revision_created_at": null,
      "live_revision": null,
      "alias_of": null,
      "body": "<p data-block-key=\"6pzcr\">Welcome!</p>",
      "wagtail_admin_comments": []
    },
    "approved_go_live_at": null
  }
},
{
  "model": "wagtailcore.pagerevision",
  "pk": 2,
  "fields": {
    "page": 4,
    "submitted_for_moderation": false,
    "created_at": "2022-05-28T14:12:44.975Z",
    "user": [
      "admin"
    ],
    "content": {
      "pk": 4,
      "path": "000100010001",
      "depth": 3,
      "numchild": 0,
      "translation_key": "3c0e6414-73e9-47f0-bafe-c38b13893de5",
      "locale": 1,
      "title": "Blog Index",
      "draft_title": "Blog Index",
      "slug": "blog-index",
      "content_type": 7,
      "live": false,
      "has_unpublished_changes": false,
      "url_path": "/home/blog-index/",
      "owner": 1,
      "seo_title": "",
      "show_in_menus": false,
      "search_description": "",
      "go_live_at": null,
      "expire_at": null,
      "expired": false,
      "locked": false,
      "locked_at": null,
      "locked_by": null,
      "first_published_at": null,
      "last_published_at": null,
      "latest_revision_created_at": null,
      "live_revision": null,
      "alias_of": null,
      "intro": "<p data-block-key=\"wwo5t\">This is the blog index</p>",
      "wagtail_admin_comments": []
    },
    "approved_go_live_at": null
  }
},
{
  "model": "wagtailcore.pagerevision",
  "pk": 3,
  "fields": {
    "page": 4,
    "submitted_for_moderation": false,
    "created_at": "2022-05-28T14:12:46.988Z",
    "user": [
      "admin"
    ],
    "content": {
      "pk": 4,
      "path": "000100010001",
      "depth": 3,
      "numchild": 0,
      "translation_key": "3c0e6414-73e9-47f0-bafe-c38b13893de5",
      "locale": 1,
      "title": "Blog Index",
      "draft_title": "Blog Index",
      "slug": "blog-index",
      "content_type": 7,
      "live": false,
      "has_unpublished_changes": true,
      "url_path": "/home/blog-index/",
      "owner": 1,
      "seo_title": "",
      "show_in_menus": false,
      "search_description": "",
      "go_live_at": null,
      "expire_at": null,
      "expired": false,
      "locked": false,
      "locked_at": null,
      "locked_by": null,
      "first_published_at": null,
      "last_published_at": null,
      "latest_revision_created_at": "2022-05-28T14:12:44.975Z",
      "live_revision": null,
      "alias_of": null,
      "intro": "<p data-block-key=\"wwo5t\">This is the blog index</p>",
      "wagtail_admin_comments": []
    },
    "approved_go_live_at": null
  }
},
{
  "model": "wagtailcore.pagerevision",
  "pk": 4,
  "fields": {
    "page": 5,
    "submitted_for_moderation": false,
    "created_at": "2022-05-28T14:15:25.670Z",
    "user": [
      "admin"
    ],
    "content": {
      "pk": 5,
      "path": "0001000100010001",
      "depth": 4,
      "numchild": 0,
      "translation_key": "526e2f77-ebaf-4b5d-92a9-044e9756359a",
      "locale": 1,
      "title": "Blog Page 1",
      "draft_title": "Blog Page 1",
      "slug": "blog-page-1",
      "content_type": 8,
      "live": true,
      "has_unpublished_changes": false,
      "url_path": "/home/blog-index/blog-page-1/",
      "owner": 1,
      "seo_title": "",
      "show_in_menus": false,
      "search_description": "",
      "go_live_at": null,
      "expire_at": null,
      "expired": false,
      "locked": false,
      "locked_at": null,
      "locked_by": null,
      "first_published_at": null,
      "last_published_at": null,
      "latest_revision_created_at": null,
      "live_revision": null,
      "alias_of": null,
      "intro": "First Blog Page",
      "body": "<p data-block-key=\"g1l2w\">This blog page won&#x27;t have any streamfield content</p>",
      "content": "[]",
      "wagtail_admin_comments": []
    },
    "approved_go_live_at": null
  }
},
{
  "model": "wagtailcore.pagerevision",
  "pk": 5,
  "fields": {
    "page": 5,
    "submitted_for_moderation": false,
    "created_at": "2022-05-28T14:15:34.280Z",
    "user": [
      "admin"
    ],
    "content": {
      "pk": 5,
      "path": "0001000100010001",
      "depth": 4,
      "numchild": 0,
      "translation_key": "526e2f77-ebaf-4b5d-92a9-044e9756359a",
      "locale": 1,
      "title": "Blog Page 1",
      "draft_title": "Blog Page 1",
      "slug": "blog-page-1",
      "content_type": 8,
      "live": true,
      "has_unpublished_changes": false,
      "url_path": "/home/blog-index/blog-page-1/",
      "owner": 1,
      "seo_title": "",
      "show_in_menus": false,
      "search_description": "",
      "go_live_at": null,
      "expire_at": null,
      "expired": false,
      "locked": false,
      "locked_at": null,
      "locked_by": null,
      "first_published_at": "2022-05-28T14:15:25.680Z",
      "last_published_at": "2022-05-28T14:15:25.680Z",
      "latest_revision_created_at": "2022-05-28T14:15:25.670Z",
      "live_revision": 4,
      "alias_of": null,
      "intro": "First Blog Page",
      "body": "<p data-block-key=\"g1l2w\">This blog page won&#x27;t have any streamfield content</p>",
      "content": "[]",
      "wagtail_admin_comments": []
    },
    "approved_go_live_at": null
  }
},
{
  "model": "wagtailcore.pagerevision",
  "pk": 6,
  "fields": {
    "page": 5,
    "submitted_for_moderation": false,
    "created_at": "2022-05-28T14:15:38.058Z",
    "user": [
      "admin"
    ],
    "content": {
      "pk": 5,
      "path": "0001000100010001",
      "depth": 4,
      "numchild": 0,
      "translation_key": "526e2f77-ebaf-4b5d-92a9-044e9756359a",
      "locale": 1,
      "title": "Blog Page 1",
      "draft_title": "Blog Page 1",
      "slug": "blog-page-1",
      "content_type": 8,
      "live": true,
      "has_unpublished_changes": true,
      "url_path": "/home/blog-index/blog-page-1/",
      "owner": 1,
      "seo_title": "",
      "show_in_menus": false,
      "search_description": "",
      "go_live_at": null,
      "expire_at": null,
      "expired": false,
      "locked": false,
      "locked_at": null,
      "locked_by": null,
      "first_published_at": "2022-05-28T14:15:25.680Z",
      "last_published_at": "2022-05-28T14:15:25.680Z",
      "latest_revision_created_at": "2022-05-28T14:15:34.280Z",
      "live_revision": 4,
      "alias_of": null,
      "intro": "First Blog Page",
      "body": "<p data-block-key=\"g1l2w\">This blog page won&#x27;t have any streamfield content</p>",
      "content": "[]",
      "wagtail_admin_comments": []
    },
    "approved_go_live_at": null
  }
},
{
  "model": "wagtailcore.pagerevision",
  "pk": 7,
  "fields": {
    "page": 6,
    "submitted_for_moderation": false,
    "created_at": "2022-05-28T14:28:39.021Z",
    "user": [
      "admin"
    ],
    "content": {
      "pk": 6,
      "path": "0001000100010002",
      "depth": 4,
      "numchild": 0,
      "translation_key": "6c832c0f-cfa8-484c-96cb-f8ccc17210b8",
      "locale": 1,
      "title": "Blog Page 2",
      "draft_title": "Blog Page 2",
      "slug": "blog-page-2",
      "content_type": 8,
      "live": false,
      "has_unpublished_changes": false,
      "url_path": "/home/blog-index/blog-page-2/",
      "owner": 1,
      "seo_title": "",
      "show_in_menus": false,
      "search_description": "",
      "go_live_at": null,
      "expire_at": null,
      "expired": false,
      "locked": false,
      "locked_at": null,
      "locked_by": null,
      "first_published_at": null,
      "last_published_at": null,
      "latest_revision_created_at": null,
      "live_revision": null,
      "alias_of": null,
      "intro": "Second Blog Page",
      "body": "<p data-block-key=\"09qfi\">Including a couple of quotes, a field1 and a date.</p>",
      "content": "[{\"type\": \"quote\", \"value\": {\"quote_content\": \"My mama always said, life is like a box of chocolates. You never know what you\\u2019re gonna get.\", \"person\": \"Forest Gump\", \"random_id\": 109}, \"id\": \"d6feae7c-4136-4688-92fb-025807af525b\"}, {\"type\": \"quote\", \"value\": {\"quote_content\": \"If you can't explain it to a six year old, you don't understand it yourself.\", \"person\": \"Albert Einstein\", \"random_id\": null}, \"id\": \"c814e143-cc0c-46a6-b9a8-5e57b6995c20\"}, {\"type\": \"field1\", \"value\": \"Blah blah blah\", \"id\": \"e2bd8570-69b0-4519-8d9d-07861f344cb5\"}, {\"type\": \"date\", \"value\": \"2022-05-26T19:57:00Z\", \"id\": \"660a740a-1975-4143-a644-2562bce9b908\"}]",
      "wagtail_admin_comments": []
    },
    "approved_go_live_at": null
  }
},
{
  "model": "wagtailcore.pagerevision",
  "pk": 8,
  "fields": {
    "page": 6,
    "submitted_for_moderation": false,
    "created_at": "2022-05-28T14:28:43.378Z",
    "user": [
      "admin"
    ],
    "content": {
      "pk": 6,
      "path": "0001000100010002",
      "depth": 4,
      "numchild": 0,
      "translation_key": "6c832c0f-cfa8-484c-96cb-f8ccc17210b8",
      "locale": 1,
      "title": "Blog Page 2",
      "draft_title": "Blog Page 2",
      "slug": "blog-page-2",
      "content_type": 8,
      "live": false,
      "has_unpublished_changes": true,
      "url_path": "/home/blog-index/blog-page-2/",
      "owner": 1,
      "seo_title": "",
      "show_in_menus": false,
      "search_description": "",
      "go_live_at": null,
      "expire_at": null,
      "expired": false,
      "locked": false,
      "locked_at": null,
      "locked_by": null,
      "first_published_at": null,
      "last_published_at": null,
      "latest_revision_created_at": "2022-05-28T14:28:39.021Z",
      "live_revision": null,
      "alias_of": null,
      "intro": "Second Blog Page",
      "body": "<p data-block-key=\"09qfi\">Including a couple of quotes, a field1 and a date.</p>",
      "content": "[{\"type\": \"quote\", \"value\": {\"quote_content\": \"My mama always said, life is like a box of chocolates. You never know what you\\u2019re gonna get.\", \"person\": \"Forest Gump\", \"random_id\": 109}, \"id\": \"d6feae7c-4136-4688-92fb-025807af525b\"}, {\"type\": \"quote\", \"value\": {\"quote_content\": \"If you can't explain it to a six year old, you don't understand it yourself.\", \"person\": \"Albert Einstein\", \"random_id\": null}, \"id\": \"c814e143-cc0c-46a6-b9a8-5e57b6995c20\"}, {\"type\": \"field1\", \"value\": \"Blah blah blah\", \"id\": \"e2bd8570-69b0-4519-8d9d-07861f344cb5\"}, {\"type\": \"date\", \"value\": \"2022-05-26T19:57:00Z\", \"id\": \"660a740a-1975-4143-a644-2562bce9b908\"}]",
      "wagtail_admin_comments": []
    },
    "approved_go_live_at": null
  }
},
{
  "model": "wagtailcore.pagerevision",
  "pk": 9,
  "fields": {
    "page": 7,
    "submitted_for_moderation": false,
    "created_at": "2022-05-28T14:31:27.824Z",
    "user": [
      "admin"
    ],
    "content": {
      "pk": 7,
      "path": "0001000100010003",
      "depth": 4,
      "numchild": 0,
      "translation_key": "5632e187-1e9d-4f5d-bc04-0cf64a07169b",
      "locale": 1,
      "title": "Blog Page 3",
      "draft_title": "Blog Page 3",
      "slug": "blog-page-3",
      "content_type": 8,
      "live": false,
      "has_unpublished_changes": false,
      "url_path": "/home/blog-index/blog-page-3/",
      "owner": 1,
      "seo_title": "",
      "show_in_menus": false,
      "search_description": "",
      "go_live_at": null,
      "expire_at": null,
      "expired": false,
      "locked": false,
      "locked_at": null,
      "locked_by": null,
      "first_published_at": null,
      "last_published_at": null,
      "latest_revision_created_at": null,
      "live_revision": null,
      "alias_of": null,
      "intro": "Third blog page",
      "body": "<p data-block-key=\"ztl62\">A couple of Someblocks, Field1 included</p>",
      "content": "[{\"type\": \"someblock\", \"value\": {\"random_content\": \"The sky is blue\", \"random_date\": \"2022-05-28\"}, \"id\": \"1f4ea999-5c01-40a0-be95-e238f536b5cb\"}, {\"type\": \"someblock\", \"value\": {\"random_content\": \"Flying moose monkeys\", \"random_date\": null}, \"id\": \"1173e394-66c6-4116-bd9d-a8f3793a2f54\"}, {\"type\": \"field1\", \"value\": \"These are all random things.\", \"id\": \"97d2a9a9-65a0-4a0c-a272-f19576d92134\"}]",
      "wagtail_admin_comments": []
    },
    "approved_go_live_at": null
  }
},
{
  "model": "wagtailcore.pagerevision",
  "pk": 10,
  "fields": {
    "page": 7,
    "submitted_for_moderation": false,
    "created_at": "2022-05-28T14:31:30.685Z",
    "user": [
      "admin"
    ],
    "content": {
      "pk": 7,
      "path": "0001000100010003",
      "depth": 4,
      "numchild": 0,
      "translation_key": "5632e187-1e9d-4f5d-bc04-0cf64a07169b",
      "locale": 1,
      "title": "Blog Page 3",
      "draft_title": "Blog Page 3",
      "slug": "blog-page-3",
      "content_type": 8,
      "live": false,
      "has_unpublished_changes": true,
      "url_path": "/home/blog-index/blog-page-3/",
      "owner": 1,
      "seo_title": "",
      "show_in_menus": false,
      "search_description": "",
      "go_live_at": null,
      "expire_at": null,
      "expired": false,
      "locked": false,
      "locked_at": null,
      "locked_by": null,
      "first_published_at": null,
      "last_published_at": null,
      "latest_revision_created_at": "2022-05-28T14:31:27.824Z",
      "live_revision": null,
      "alias_of": null,
      "intro": "Third blog page",
      "body": "<p data-block-key=\"ztl62\">A couple of Someblocks, Field1 included</p>",
      "content": "[{\"type\": \"someblock\", \"value\": {\"random_content\": \"The sky is blue\", \"random_date\": \"2022-05-28\"}, \"id\": \"1f4ea999-5c01-40a0-be95-e238f536b5cb\"}, {\"type\": \"someblock\", \"value\": {\"random_content\": \"Flying moose monkeys\", \"random_date\": null}, \"id\": \"1173e394-66c6-4116-bd9d-a8f3793a2f54\"}, {\"type\": \"field1\", \"value\": \"These are all random things.\", \"id\": \"97d2a9a9-65a0-4a0c-a272-f19576d92134\"}]",
      "wagtail_admin_comments": []
    },
    "approved_go_live_at": null
  }
},
{
  "model": "wagtailcore.pagerevision",
  "pk": 11,
  "fields": {
    "page": 8,
    "submitted_for_moderation": false,
    "created_at": "2022-05-28T14:37:41.122Z",
    "user": [
      "admin"
    ],
    "content": {
      "pk": 8,
      "path": "0001000100010004",
      "depth": 4,
      "numchild": 0,
      "translation_key": "4c7d108f-f757-474a-882d-caaf674ca3c4",
      "locale": 1,
      "title": "Blog Page 4",
      "draft_title": "Blog Page 4",
      "slug": "blog-page-4",
      "content_type": 8,
      "live": false,
      "has_unpublished_changes": false,
      "url_path": "/home/blog-index/blog-page-4/",
      "owner": 1,
      "seo_title": "",
      "show_in_menus": false,
      "search_description": "",
      "go_live_at": null,
      "expire_at": null,
      "expired": false,
      "locked": false,
      "locked_at": null,
      "locked_by": null,
      "first_published_at": null,
      "last_published_at": null,
      "latest_revision_created_at": null,
      "live_revision": null,
      "alias_of": null,
      "intro": "Fourth Blog Page",
      "body": "<p data-block-key=\"mmeis\">More quotes and a date</p>",
      "content": "[{\"type\": \"quote\", \"value\": {\"quote_content\": \"If an injury has to be done to a man it should be so severe that his vengeance need not be feared.\", \"person\": \"Niccolo Machiavelli\", \"random_id\": null}, \"id\": \"a41d9cca-58f3-40ed-a52c-17ae22ffbc43\"}, {\"type\": \"quote\", \"value\": {\"quote_content\": \"I missed the part where that's my problem.\", \"person\": \"Bully Maguire\", \"random_id\": 256}, \"id\": \"25227637-7f90-4e0c-858f-95788efe9f7e\"}, {\"type\": \"date\", \"value\": \"2021-08-13T20:07:00Z\", \"id\": \"86c239a3-1adf-4def-a245-80b668b0b553\"}]",
      "wagtail_admin_comments": []
    },
    "approved_go_live_at": null
  }
},
{
  "model": "wagtailcore.pagerevision",
  "pk": 12,
  "fields": {
    "page": 8,
    "submitted_for_moderation": false,
    "created_at": "2022-05-28T14:37:46.315Z",
    "user": [
      "admin"
    ],
    "content": {
      "pk": 8,
      "path": "0001000100010004",
      "depth": 4,
      "numchild": 0,
      "translation_key": "4c7d108f-f757-474a-882d-caaf674ca3c4",
      "locale": 1,
      "title": "Blog Page 4",
      "draft_title": "Blog Page 4",
      "slug": "blog-page-4",
      "content_type": 8,
      "live": false,
      "has_unpublished_changes": true,
      "url_path": "/home/blog-index/blog-page-4/",
      "owner": 1,
      "seo_title": "",
      "show_in_menus": false,
      "search_description": "",
      "go_live_at": null,
      "expire_at": null,
      "expired": false,
      "locked": false,
      "locked_at": null,
      "locked_by": null,
      "first_published_at": null,
      "last_published_at": null,
      "latest_revision_created_at": "2022-05-28T14:37:41.122Z",
      "live_revision": null,
      "alias_of": null,
      "intro": "Fourth Blog Page",
      "body": "<p data-block-key=\"mmeis\">More quotes and a date</p>",
      "content": "[{\"type\": \"quote\", \"value\": {\"quote_content\": \"If an injury has to be done to a man it should be so severe that his vengeance need not be feared.\", \"person\": \"Niccolo Machiavelli\", \"random_id\": null}, \"id\": \"a41d9cca-58f3-40ed-a52c-17ae22ffbc43\"}, {\"type\": \"quote\", \"value\": {\"quote_content\": \"I missed the part where that's my problem.\", \"person\": \"Bully Maguire\", \"random_id\": 256}, \"id\": \"25227637-7f90-4e0c-858f-95788efe9f7e\"}, {\"type\": \"date\", \"value\": \"2021-08-13T20:07:00Z\", \"id\": \"86c239a3-1adf-4def-a245-80b668b0b553\"}]",
      "wagtail_admin_comments": []
    },
    "approved_go_live_at": null
  }
},
{
  "model": "wagtailcore.pagerevision",
  "pk": 13,
  "fields": {
    "page": 6,
    "submitted_for_moderation": false,
    "created_at": "2022-06-16T06:52:07.242Z",
    "user": [
      "admin"
    ],
    "content": {
      "pk": 6,
      "path": "0001000100010002",
      "depth": 4,
      "numchild": 0,
      "translation_key": "6c832c0f-cfa8-484c-96cb-f8ccc17210b8",
      "locale": 1,
      "title": "Blog Page 2",
      "draft_title": "Blog Page 2",
      "slug": "blog-page-2",
      "content_type": 8,
      "live": true,
      "has_unpublished_changes": false,
      "url_path": "/home/blog-index/blog-page-2/",
      "owner": 1,
      "seo_title": "",
      "show_in_menus": false,
      "search_description": "",
      "go_live_at": null,
      "expire_at": null,
      "expired": false,
      "locked": false,
      "locked_at": null,
      "locked_by": null,
      "first_published_at": "2022-05-28T14:28:43.390Z",
      "last_published_at": "2022-05-28T14:28:43.390Z",
      "latest_revision_created_at": "2022-05-28T14:28:43.378Z",
      "live_revision": 8,
      "alias_of": null,
      "intro": "Second Blog Page",
      "body": "<p data-block-key=\"09qfi\">Including a couple of quotes, a field1, a date, </p>",
      "content": "[{\"type\": \"quote\", \"value\": {\"quote_content\": \"My mama always said, life is like a box of chocolates. You never know what you\\u2019re gonna get.\", \"person\": \"Forest Gump\", \"random_id\": 109}, \"id\": \"d6feae7c-4136-4688-92fb-025807af525b\"}, {\"type\": \"quote\", \"value\": {\"quote_content\": \"If you can't explain it to a six year old, you don't understand it yourself.\", \"person\": \"Albert Einstein\", \"random_id\": null}, \"id\": \"c814e143-cc0c-46a6-b9a8-5e57b6995c20\"}, {\"type\": \"field1\", \"value\": \"Blah blah blah\", \"id\": \"e2bd8570-69b0-4519-8d9d-07861f344cb5\"}, {\"type\": \"date\", \"value\": \"2022-05-26T19:57:00Z\", \"id\": \"660a740a-1975-4143-a644-2562bce9b908\"}, {\"type\": \"somestreamblock\", \"value\": [{\"type\": \"title\", \"value\": \"A Stream Block\", \"id\": \"25865d08-28e1-4329-8a23-d142af162762\"}, {\"type\": \"content\", \"value\": \"This is a Streamblock in our Streamfield. It is in a way a mechanism to nest content\", \"id\": \"ab55aff3-e0f5-4b1c-850d-b80a0dfb8be4\"}, {\"type\": \"content\", \"value\": \"We can add child blocks here similar to how we do with the StreamField\", \"id\": \"94639ff3-b412-47b6-b8d4-f7500e83310c\"}], \"id\": \"16fb4f5c-67e5-4554-8d50-7b3322c6e541\"}, {\"type\": \"important_dates\", \"value\": {\"name\": \"Valentines Day\", \"description\": \"A day for lovers\", \"date\": \"2022-02-14\"}, \"id\": \"805d49e3-7872-4c80-8641-a95e3ae4dd6b\"}]",
      "wagtail_admin_comments": []
    },
    "approved_go_live_at": null
  }
},
{
  "model": "wagtailcore.pagerevision",
  "pk": 14,
  "fields": {
    "page": 6,
    "submitted_for_moderation": false,
    "created_at": "2022-06-16T06:58:49.413Z",
    "user": [
      "admin"
    ],
    "content": {
      "pk": 6,
      "path": "0001000100010002",
      "depth": 4,
      "numchild": 0,
      "translation_key": "6c832c0f-cfa8-484c-96cb-f8ccc17210b8",
      "locale": 1,
      "title": "Blog Page 2",
      "draft_title": "Blog Page 2",
      "slug": "blog-page-2",
      "content_type": 8,
      "live": true,
      "has_unpublished_changes": true,
      "url_path": "/home/blog-index/blog-page-2/",
      "owner": 1,
      "seo_title": "",
      "show_in_menus": false,
      "search_description": "",
      "go_live_at": null,
      "expire_at": null,
      "expired": false,
      "locked": false,
      "locked_at": null,
      "locked_by": null,
      "first_published_at": "2022-05-28T14:28:43.390Z",
      "last_published_at": "2022-05-28T14:28:43.390Z",
      "latest_revision_created_at": "2022-06-16T06:52:07.242Z",
      "live_revision": 8,
      "alias_of": null,
      "intro": "Second Blog Page",
      "body": "<p data-block-key=\"09qfi\">Including a couple of quotes, a field1, a date, a somestreamblock, and a important_dates</p>",
      "content": "[{\"type\": \"quote\", \"value\": {\"quote_content\": \"My mama always said, life is like a box of chocolates. You never know what you\\u2019re gonna get.\", \"person\": \"Forest Gump\", \"random_id\": 109}, \"id\": \"d6feae7c-4136-4688-92fb-025807af525b\"}, {\"type\": \"quote\", \"value\": {\"quote_content\": \"If you can't explain it to a six year old, you don't understand it yourself.\", \"person\": \"Albert Einstein\", \"random_id\": null}, \"id\": \"c814e143-cc0c-46a6-b9a8-5e57b6995c20\"}, {\"type\": \"field1\", \"value\": \"Blah blah blah\", \"id\": \"e2bd8570-69b0-4519-8d9d-07861f344cb5\"}, {\"type\": \"date\", \"value\": \"2022-05-26T19:57:00Z\", \"id\": \"660a740a-1975-4143-a644-2562bce9b908\"}, {\"type\": \"somestreamblock\", \"value\": [{\"type\": \"title\", \"value\": \"A Stream Block\", \"id\": \"25865d08-28e1-4329-8a23-d142af162762\"}, {\"type\": \"content\", \"value\": \"This is a Streamblock in our Streamfield. It is in a way a mechanism to nest content\", \"id\": \"ab55aff3-e0f5-4b1c-850d-b80a0dfb8be4\"}, {\"type\": \"content\", \"value\": \"We can add child blocks here similar to how we do with the StreamField\", \"id\": \"94639ff3-b412-47b6-b8d4-f7500e83310c\"}], \"id\": \"16fb4f5c-67e5-4554-8d50-7b3322c6e541\"}, {\"type\": \"important_dates\", \"value\": {\"name\": \"Valentines Day\", \"description\": \"A day for lovers\", \"date\": \"2022-02-14\"}, \"id\": \"805d49e3-7872-4c80-8641-a95e3ae4dd6b\"}]",
      "wagtail_admin_comments": []
    },
    "approved_go_live_at": null
  }
},
{
  "model": "wagtailcore.pagerevision",
  "pk": 15,
  "fields": {
    "page": 7,
    "submitted_for_moderation": false,
    "created_at": "2022-06-16T07:01:29.782Z",
    "user": [
      "admin"
    ],
    "content": {
      "pk": 7,
      "path": "0001000100010003",
      "depth": 4,
      "numchild": 0,
      "translation_key": "5632e187-1e9d-4f5d-bc04-0cf64a07169b",
      "locale": 1,
      "title": "Blog Page 3",
      "draft_title": "Blog Page 3",
      "slug": "blog-page-3",
      "content_type": 8,
      "live": true,
      "has_unpublished_changes": false,
      "url_path": "/home/blog-index/blog-page-3/",
      "owner": 1,
      "seo_title": "",
      "show_in_menus": false,
      "search_description": "",
      "go_live_at": null,
      "expire_at": null,
      "expired": false,
      "locked": false,
      "locked_at": null,
      "locked_by": null,
      "first_published_at": "2022-05-28T14:31:30.698Z",
      "last_published_at": "2022-05-28T14:31:30.698Z",
      "latest_revision_created_at": "2022-05-28T14:31:30.685Z",
      "live_revision": 10,
      "alias_of": null,
      "intro": "Third blog page",
      "body": "<p data-block-key=\"ztl62\">A couple of Someblocks, a field1, a somestreamblock</p>",
      "content": "[{\"type\": \"someblock\", \"value\": {\"random_content\": \"The sky is blue\", \"random_date\": \"2022-05-28\"}, \"id\": \"1f4ea999-5c01-40a0-be95-e238f536b5cb\"}, {\"type\": \"someblock\", \"value\": {\"random_content\": \"Flying moose monkeys\", \"random_date\": null}, \"id\": \"1173e394-66c6-4116-bd9d-a8f3793a2f54\"}, {\"type\": \"field1\", \"value\": \"These are all random things.\", \"id\": \"97d2a9a9-65a0-4a0c-a272-f19576d92134\"}, {\"type\": \"somestreamblock\", \"value\": [{\"type\": \"content\", \"value\": \"This Content is in Some Stream Block\", \"id\": \"3503c0ad-a657-41b1-885e-45cd47212578\"}], \"id\": \"23675a55-b596-4491-a6e2-8896dec0b15a\"}, {\"type\": \"important_dates\", \"value\": {\"name\": \"Christmas\", \"description\": \"Birth of Christ\", \"date\": \"2022-12-25\"}, \"id\": \"27d778bd-145b-4dbd-b653-438a9fe4e77f\"}, {\"type\": \"important_dates\", \"value\": {\"name\": \"New Years Day\", \"description\": \"\", \"date\": \"2022-01-01\"}, \"id\": \"a885a0fb-6fd2-4d76-83fe-e81479e98b00\"}]",
      "wagtail_admin_comments": []
    },
    "approved_go_live_at": null
  }
},
{
  "model": "wagtailcore.pagerevision",
  "pk": 16,
  "fields": {
    "page": 7,
    "submitted_for_moderation": false,
    "created_at": "2022-06-16T07:02:15.032Z",
    "user": [
      "admin"
    ],
    "content": {
      "pk": 7,
      "path": "0001000100010003",
      "depth": 4,
      "numchild": 0,
      "translation_key": "5632e187-1e9d-4f5d-bc04-0cf64a07169b",
      "locale": 1,
      "title": "Blog Page 3",
      "draft_title": "Blog Page 3",
      "slug": "blog-page-3",
      "content_type": 8,
      "live": true,
      "has_unpublished_changes": true,
      "url_path": "/home/blog-index/blog-page-3/",
      "owner": 1,
      "seo_title": "",
      "show_in_menus": false,
      "search_description": "",
      "go_live_at": null,
      "expire_at": null,
      "expired": false,
      "locked": false,
      "locked_at": null,
      "locked_by": null,
      "first_published_at": "2022-05-28T14:31:30.698Z",
      "last_published_at": "2022-05-28T14:31:30.698Z",
      "latest_revision_created_at": "2022-06-16T07:01:29.782Z",
      "live_revision": 10,
      "alias_of": null,
      "intro": "Third blog page",
      "body": "<p data-block-key=\"ztl62\">A couple of Someblocks, a field1, a somestreamblock, a important_date, a hpcharacters</p>",
      "content": "[{\"type\": \"someblock\", \"value\": {\"random_content\": \"The sky is blue\", \"random_date\": \"2022-05-28\"}, \"id\": \"1f4ea999-5c01-40a0-be95-e238f536b5cb\"}, {\"type\": \"someblock\", \"value\": {\"random_content\": \"Flying moose monkeys\", \"random_date\": null}, \"id\": \"1173e394-66c6-4116-bd9d-a8f3793a2f54\"}, {\"type\": \"field1\", \"value\": \"These are all random things.\", \"id\": \"97d2a9a9-65a0-4a0c-a272-f19576d92134\"}, {\"type\": \"somestreamblock\", \"value\": [{\"type\": \"content\", \"value\": \"This Content is in Some Stream Block\", \"id\": \"3503c0ad-a657-41b1-885e-45cd47212578\"}], \"id\": \"23675a55-b596-4491-a6e2-8896dec0b15a\"}, {\"type\": \"important_dates\", \"value\": {\"name\": \"Christmas\", \"description\": \"Birth of Christ\", \"date\": \"2022-12-25\"}, \"id\": \"27d778bd-145b-4dbd-b653-438a9fe4e77f\"}, {\"type\": \"important_dates\", \"value\": {\"name\": \"New Years Day\", \"description\": \"\", \"date\": \"2022-01-01\"}, \"id\": \"a885a0fb-6fd2-4d76-83fe-e81479e98b00\"}, {\"type\": \"hpcharacters\", \"value\": [{\"type\": \"item\", \"value\": \"Harry Potter\", \"id\": \"fdf321ed-eb27-4ee9-b623-4a0317fa5eba\"}, {\"type\": \"item\", \"value\": \"Ron Weasley\", \"id\": \"90f462c9-80b7-4d3c-8bbf-53bb92920eea\"}, {\"type\": \"item\", \"value\": \"Hermione Granger\", \"id\": \"ff228ddb-7bcc-4112-90e7-b262f9d1265d\"}], \"id\": \"a4c638fa-4539-4225-803d-f2a58e57ce0b\"}]",
      "wagtail_admin_comments": []
    },
    "approved_go_live_at": null
  }
},
{
  "model": "wagtailcore.pagerevision",
  "pk": 17,
  "fields": {
    "page": 7,
    "submitted_for_moderation": false,
    "created_at": "2022-06-16T07:02:17.582Z",
    "user": [
      "admin"
    ],
    "content": {
      "pk": 7,
      "path": "0001000100010003",
      "depth": 4,
      "numchild": 0,
      "translation_key": "5632e187-1e9d-4f5d-bc04-0cf64a07169b",
      "locale": 1,
      "title": "Blog Page 3",
      "draft_title": "Blog Page 3",
      "slug": "blog-page-3",
      "content_type": 8,
      "live": true,
      "has_unpublished_changes": true,
      "url_path": "/home/blog-index/blog-page-3/",
      "owner": 1,
      "seo_title": "",
      "show_in_menus": false,
      "search_description": "",
      "go_live_at": null,
      "expire_at": null,
      "expired": false,
      "locked": false,
      "locked_at": null,
      "locked_by": null,
      "first_published_at": "2022-05-28T14:31:30.698Z",
      "last_published_at": "2022-05-28T14:31:30.698Z",
      "latest_revision_created_at": "2022-06-16T07:02:15.032Z",
      "live_revision": 10,
      "alias_of": null,
      "intro": "Third blog page",
      "body": "<p data-block-key=\"ztl62\">A couple of Someblocks, a field1, a somestreamblock, a important_date, a hpcharacters</p>",
      "content": "[{\"type\": \"someblock\", \"value\": {\"random_content\": \"The sky is blue\", \"random_date\": \"2022-05-28\"}, \"id\": \"1f4ea999-5c01-40a0-be95-e238f536b5cb\"}, {\"type\": \"someblock\", \"value\": {\"random_content\": \"Flying moose monkeys\", \"random_date\": null}, \"id\": \"1173e394-66c6-4116-bd9d-a8f3793a2f54\"}, {\"type\": \"field1\", \"value\": \"These are all random things.\", \"id\": \"97d2a9a9-65a0-4a0c-a272-f19576d92134\"}, {\"type\": \"somestreamblock\", \"value\": [{\"type\": \"content\", \"value\": \"This Content is in Some Stream Block\", \"id\": \"3503c0ad-a657-41b1-885e-45cd47212578\"}], \"id\": \"23675a55-b596-4491-a6e2-8896dec0b15a\"}, {\"type\": \"important_dates\", \"value\": {\"name\": \"Christmas\", \"description\": \"Birth of Christ\", \"date\": \"2022-12-25\"}, \"id\": \"27d778bd-145b-4dbd-b653-438a9fe4e77f\"}, {\"type\": \"important_dates\", \"value\": {\"name\": \"New Years Day\", \"description\": \"\", \"date\": \"2022-01-01\"}, \"id\": \"a885a0fb-6fd2-4d76-83fe-e81479e98b00\"}, {\"type\": \"hpcharacters\", \"value\": [{\"type\": \"item\", \"value\": \"Harry Potter\", \"id\": \"fdf321ed-eb27-4ee9-b623-4a0317fa5eba\"}, {\"type\": \"item\", \"value\": \"Ron Weasley\", \"id\": \"90f462c9-80b7-4d3c-8bbf-53bb92920eea\"}, {\"type\": \"item\", \"value\": \"Hermione Granger\", \"id\": \"ff228ddb-7bcc-4112-90e7-b262f9d1265d\"}], \"id\": \"a4c638fa-4539-4225-803d-f2a58e57ce0b\"}]",
      "wagtail_admin_comments": []
    },
    "approved_go_live_at": null
  }
},
{
  "model": "wagtailcore.pagerevision",
  "pk": 18,
  "fields": {
    "page": 6,
    "submitted_for_moderation": false,
    "created_at": "2022-06-16T07:02:27.256Z",
    "user": [
      "admin"
    ],
    "content": {
      "pk": 6,
      "path": "0001000100010002",
      "depth": 4,
      "numchild": 0,
      "translation_key": "6c832c0f-cfa8-484c-96cb-f8ccc17210b8",
      "locale": 1,
      "title": "Blog Page 2",
      "draft_title": "Blog Page 2",
      "slug": "blog-page-2",
      "content_type": 8,
      "live": true,
      "has_unpublished_changes": true,
      "url_path": "/home/blog-index/blog-page-2/",
      "owner": 1,
      "seo_title": "",
      "show_in_menus": false,
      "search_description": "",
      "go_live_at": null,
      "expire_at": null,
      "expired": false,
      "locked": false,
      "locked_at": null,
      "locked_by": null,
      "first_published_at": "2022-05-28T14:28:43.390Z",
      "last_published_at": "2022-05-28T14:28:43.390Z",
      "latest_revision_created_at": "2022-06-16T06:58:49.413Z",
      "live_revision": 8,
      "alias_of": null,
      "intro": "Second Blog Page",
      "body": "<p data-block-key=\"09qfi\">Including a couple of quotes, a field1, a date, a somestreamblock, and a important_dates</p>",
      "content": "[{\"type\": \"quote\", \"value\": {\"quote_content\": \"My mama always said, life is like a box of chocolates. You never know what you\\u2019re gonna get.\", \"person\": \"Forest Gump\", \"random_id\": 109}, \"id\": \"d6feae7c-4136-4688-92fb-025807af525b\"}, {\"type\": \"quote\", \"value\": {\"quote_content\": \"If you can't explain it to a six year old, you don't understand it yourself.\", \"person\": \"Albert Einstein\", \"random_id\": null}, \"id\": \"c814e143-cc0c-46a6-b9a8-5e57b6995c20\"}, {\"type\": \"field1\", \"value\": \"Blah blah blah\", \"id\": \"e2bd8570-69b0-4519-8d9d-07861f344cb5\"}, {\"type\": \"date\", \"value\": \"2022-05-26T19:57:00Z\", \"id\": \"660a740a-1975-4143-a644-2562bce9b908\"}, {\"type\": \"somestreamblock\", \"value\": [{\"type\": \"title\", \"value\": \"A Stream Block\", \"id\": \"25865d08-28e1-4329-8a23-d142af162762\"}, {\"type\": \"content\", \"value\": \"This is a Streamblock in our Streamfield. It is in a way a mechanism to nest content\", \"id\": \"ab55aff3-e0f5-4b1c-850d-b80a0dfb8be4\"}, {\"type\": \"content\", \"value\": \"We can add child blocks here similar to how we do with the StreamField\", \"id\": \"94639ff3-b412-47b6-b8d4-f7500e83310c\"}], \"id\": \"16fb4f5c-67e5-4554-8d50-7b3322c6e541\"}, {\"type\": \"important_dates\", \"value\": {\"name\": \"Valentines Day\", \"description\": \"A day for lovers\", \"date\": \"2022-02-14\"}, \"id\": \"805d49e3-7872-4c80-8641-a95e3ae4dd6b\"}]",
      "wagtail_admin_comments": []
    },
    "approved_go_live_at": null
  }
},
{
  "model": "wagtailcore.pagerevision",
  "pk": 19,
  "fields": {
    "page": 8,
    "submitted_for_moderation": false,
    "created_at": "2022-06-16T07:11:14.520Z",
    "user": [
      "admin"
    ],
    "content": {
      "pk": 8,
      "path": "0001000100010004",
      "depth": 4,
      "numchild": 0,
      "translation_key": "4c7d108f-f757-474a-882d-caaf674ca3c4",
      "locale": 1,
      "title": "Blog Page 4",
      "draft_title": "Blog Page 4",
      "slug": "blog-page-4",
      "content_type": 8,
      "live": true,
      "has_unpublished_changes": false,
      "url_path": "/home/blog-index/blog-page-4/",
      "owner": 1,
      "seo_title": "",
      "show_in_menus": false,
      "search_description": "",
      "go_live_at": null,
      "expire_at": null,
      "expired": false,
      "locked": false,
      "locked_at": null,
      "locked_by": null,
      "first_published_at": "2022-05-28T14:37:46.328Z",
      "last_published_at": "2022-05-28T14:37:46.328Z",
      "latest_revision_created_at": "2022-05-28T14:37:46.315Z",
      "live_revision": 12,
      "alias_of": null,
      "intro": "Fourth Blog Page",
      "body": "<p data-block-key=\"mmeis\">More quotes and a date, a somestreamblock</p>",
      "content": "[{\"type\": \"quote\", \"value\": {\"quote_content\": \"If an injury has to be done to a man it should be so severe that his vengeance need not be feared.\", \"person\": \"Niccolo Machiavelli\", \"random_id\": null}, \"id\": \"a41d9cca-58f3-40ed-a52c-17ae22ffbc43\"}, {\"type\": \"quote\", \"value\": {\"quote_content\": \"I missed the part where that's my problem.\", \"person\": \"Bully Maguire\", \"random_id\": 256}, \"id\": \"25227637-7f90-4e0c-858f-95788efe9f7e\"}, {\"type\": \"date\", \"value\": \"2021-08-13T20:07:00Z\", \"id\": \"86c239a3-1adf-4def-a245-80b668b0b553\"}, {\"type\": \"somestreamblock\", \"value\": [{\"type\": \"title\", \"value\": \"Status Update\", \"id\": \"61bd1065-b318-49cf-a6f2-a36e6e0a3644\"}, {\"type\": \"content\", \"value\": \"The time is 12.40pm. The sky is cloudy and a mild breeze is blowing. The temperature feels rather high. Rain clouds can be seen in the distance. Expecting a mild drizzle in the evening.\", \"id\": \"e34c8639-5ba7-4224-b1ca-6e5b0b4f5640\"}, {\"type\": \"title\", \"value\": \"My cooking\", \"id\": \"a06c257d-07a1-4f51-85b8-5323aa3a93c3\"}, {\"type\": \"content\", \"value\": \"I made chicken today. Interestingly, it tasted good.\", \"id\": \"fba51b5b-e030-48a5-8fa9-7d5b5c792aff\"}], \"id\": \"e79180a5-b49f-4e6d-97d7-f3315531c6ff\"}]",
      "wagtail_admin_comments": []
    },
    "approved_go_live_at": null
  }
},
{
  "model": "wagtailcore.pagerevision",
  "pk": 20,
  "fields": {
    "page": 8,
    "submitted_for_moderation": false,
    "created_at": "2022-06-16T07:11:18.030Z",
    "user": [
      "admin"
    ],
    "content": {
      "pk": 8,
      "path": "0001000100010004",
      "depth": 4,
      "numchild": 0,
      "translation_key": "4c7d108f-f757-474a-882d-caaf674ca3c4",
      "locale": 1,
      "title": "Blog Page 4",
      "draft_title": "Blog Page 4",
      "slug": "blog-page-4",
      "content_type": 8,
      "live": true,
      "has_unpublished_changes": true,
      "url_path": "/home/blog-index/blog-page-4/",
      "owner": 1,
      "seo_title": "",
      "show_in_menus": false,
      "search_description": "",
      "go_live_at": null,
      "expire_at": null,
      "expired": false,
      "locked": false,
      "locked_at": null,
      "locked_by": null,
      "first_published_at": "2022-05-28T14:37:46.328Z",
      "last_published_at": "2022-05-28T14:37:46.328Z",
      "latest_revision_created_at": "2022-06-16T07:11:14.520Z",
      "live_revision": 12,
      "alias_of": null,
      "intro": "Fourth Blog Page",
      "body": "<p data-block-key=\"mmeis\">More quotes and a date, a somestreamblock</p>",
      "content": "[{\"type\": \"quote\", \"value\": {\"quote_content\": \"If an injury has to be done to a man it should be so severe that his vengeance need not be feared.\", \"person\": \"Niccolo Machiavelli\", \"random_id\": null}, \"id\": \"a41d9cca-58f3-40ed-a52c-17ae22ffbc43\"}, {\"type\": \"quote\", \"value\": {\"quote_content\": \"I missed the part where that's my problem.\", \"person\": \"Bully Maguire\", \"random_id\": 256}, \"id\": \"25227637-7f90-4e0c-858f-95788efe9f7e\"}, {\"type\": \"date\", \"value\": \"2021-08-13T20:07:00Z\", \"id\": \"86c239a3-1adf-4def-a245-80b668b0b553\"}, {\"type\": \"somestreamblock\", \"value\": [{\"type\": \"title\", \"value\": \"Status Update\", \"id\": \"61bd1065-b318-49cf-a6f2-a36e6e0a3644\"}, {\"type\": \"content\", \"value\": \"The time is 12.40pm. The sky is cloudy and a mild breeze is blowing. The temperature feels rather high. Rain clouds can be seen in the distance. Expecting a mild drizzle in the evening.\", \"id\": \"e34c8639-5ba7-4224-b1ca-6e5b0b4f5640\"}, {\"type\": \"title\", \"value\": \"My cooking\", \"id\": \"a06c257d-07a1-4f51-85b8-5323aa3a93c3\"}, {\"type\": \"content\", \"value\": \"I made chicken today. Interestingly, it tasted good.\", \"id\": \"fba51b5b-e030-48a5-8fa9-7d5b5c792aff\"}], \"id\": \"e79180a5-b49f-4e6d-97d7-f3315531c6ff\"}]",
      "wagtail_admin_comments": []
    },
    "approved_go_live_at": null
  }
},
{
  "model": "wagtailcore.page",
  "pk": 1,
  "fields": {
    "path": "0001",
    "depth": 1,
    "numchild": 1,
    "translation_key": "1eb41b5a-f762-49d3-90a6-ee6c866b6bd0",
    "locale": 1,
    "title": "Root",
    "draft_title": "Root",
    "slug": "root",
    "content_type": [
      "wagtailcore",
      "page"
    ],
    "live": true,
    "has_unpublished_changes": false,
    "url_path": "/",
    "owner": null,
    "seo_title": "",
    "show_in_menus": false,
    "search_description": "",
    "go_live_at": null,
    "expire_at": null,
    "expired": false,
    "locked": false,
    "locked_at": null,
    "locked_by": null,
    "first_published_at": null,
    "last_published_at": null,
    "latest_revision_created_at": null,
    "live_revision": null,
    "alias_of": null
  }
},
{
  "model": "wagtailcore.page",
  "pk": 3,
  "fields": {
    "path": "00010001",
    "depth": 2,
    "numchild": 1,
    "translation_key": "fe986bac-c035-474b-af3f-6d3899d1f40f",
    "locale": 1,
    "title": "Home",
    "draft_title": "Home",
    "slug": "home",
    "content_type": [
      "home",
      "homepage"
    ],
    "live": true,
    "has_unpublished_changes": false,
    "url_path": "/home/",
    "owner": null,
    "seo_title": "",
    "show_in_menus": false,
    "search_description": "",
    "go_live_at": null,
    "expire_at": null,
    "expired": false,
    "locked": false,
    "locked_at": null,
    "locked_by": null,
    "first_published_at": "2022-05-28T14:12:25.489Z",
    "last_published_at": "2022-05-28T14:12:25.489Z",
    "latest_revision_created_at": "2022-05-28T14:12:25.475Z",
    "live_revision": 1,
    "alias_of": null
  }
},
{
  "model": "wagtailcore.page",
  "pk": 4,
  "fields": {
    "path": "000100010001",
    "depth": 3,
    "numchild": 4,
    "translation_key": "3c0e6414-73e9-47f0-bafe-c38b13893de5",
    "locale": 1,
    "title": "Blog Index",
    "draft_title": "Blog Index",
    "slug": "blog-index",
    "content_type": [
      "blog",
      "blogindexpage"
    ],
    "live": true,
    "has_unpublished_changes": false,
    "url_path": "/home/blog-index/",
    "owner": [
      "admin"
    ],
    "seo_title": "",
    "show_in_menus": false,
    "search_description": "",
    "go_live_at": null,
    "expire_at": null,
    "expired": false,
    "locked": false,
    "locked_at": null,
    "locked_by": null,
    "first_published_at": "2022-05-28T14:12:47.001Z",
    "last_published_at": "2022-05-28T14:12:47.001Z",
    "latest_revision_created_at": "2022-05-28T14:12:46.988Z",
    "live_revision": 3,
    "alias_of": null
  }
},
{
  "model": "wagtailcore.page",
  "pk": 5,
  "fields": {
    "path": "0001000100010001",
    "depth": 4,
    "numchild": 0,
    "translation_key": "526e2f77-ebaf-4b5d-92a9-044e9756359a",
    "locale": 1,
    "title": "Blog Page 1",
    "draft_title": "Blog Page 1",
    "slug": "blog-page-1",
    "content_type": [
      "blog",
      "blogpage"
    ],
    "live": true,
    "has_unpublished_changes": false,
    "url_path": "/home/blog-index/blog-page-1/",
    "owner": [
      "admin"
    ],
    "seo_title": "",
    "show_in_menus": false,
    "search_description": "",
    "go_live_at": null,
    "expire_at": null,
    "expired": false,
    "locked": false,
    "locked_at": null,
    "locked_by": null,
    "first_published_at": "2022-05-28T14:15:25.680Z",
    "last_published_at": "2022-05-28T14:15:38.071Z",
    "latest_revision_created_at": "2022-05-28T14:15:38.058Z",
    "live_revision": 6,
    "alias_of": null
  }
},
{
  "model": "wagtailcore.page",
  "pk": 6,
  "fields": {
    "path": "0001000100010002",
    "depth": 4,
    "numchild": 0,
    "translation_key": "6c832c0f-cfa8-484c-96cb-f8ccc17210b8",
    "locale": 1,
    "title": "Blog Page 2",
    "draft_title": "Blog Page 2",
    "slug": "blog-page-2",
    "content_type": [
      "blog",
      "blogpage"
    ],
    "live": true,
    "has_unpublished_changes": false,
    "url_path": "/home/blog-index/blog-page-2/",
    "owner": [
      "admin"
    ],
    "seo_title": "",
    "show_in_menus": false,
    "search_description": "",
    "go_live_at": null,
    "expire_at": null,
    "expired": false,
    "locked": false,
    "locked_at": null,
    "locked_by": null,
    "first_published_at": "2022-05-28T14:28:43.390Z",
    "last_published_at": "2022-06-16T07:02:27.270Z",
    "latest_revision_created_at": "2022-06-16T07:02:27.256Z",
    "live_revision": 18,
    "alias_of": null
  }
},
{
  "model": "wagtailcore.page",
  "pk": 7,
  "fields": {
    "path": "0001000100010003",
    "depth": 4,
    "numchild": 0,
    "translation_key": "5632e187-1e9d-4f5d-bc04-0cf64a07169b",
    "locale": 1,
    "title": "Blog Page 3",
    "draft_title": "Blog Page 3",
    "slug": "blog-page-3",
    "content_type": [
      "blog",
      "blogpage"
    ],
    "live": true,
    "has_unpublished_changes": false,
    "url_path": "/home/blog-index/blog-page-3/",
    "owner": [
      "admin"
    ],
    "seo_title": "",
    "show_in_menus": false,
    "search_description": "",
    "go_live_at": null,
    "expire_at": null,
    "expired": false,
    "locked": false,
    "locked_at": null,
    "locked_by": null,
    "first_published_at": "2022-05-28T14:31:30.698Z",
    "last_published_at": "2022-06-16T07:02:17.595Z",
    "latest_revision_created_at": "2022-06-16T07:02:17.582Z",
    "live_revision": 17,
    "alias_of": null
  }
},
{
  "model": "wagtailcore.page",
  "pk": 8,
  "fields": {
    "path": "0001000100010004",
    "depth": 4,
    "numchild": 0,
    "translation_key": "4c7d108f-f757-474a-882d-caaf674ca3c4",
    "locale": 1,
    "title": "Blog Page 4",
    "draft_title": "Blog Page 4",
    "slug": "blog-page-4",
    "content_type": [
      "blog",
      "blogpage"
    ],
    "live": true,
    "has_unpublished_changes": false,
    "url_path": "/home/blog-index/blog-page-4/",
    "owner": [
      "admin"
    ],
    "seo_title": "",
    "show_in_menus": false,
    "search_description": "",
    "go_live_at": null,
    "expire_at": null,
    "expired": false,
    "locked": false,
    "locked_at": null,
    "locked_by": null,
    "first_published_at": "2022-05-28T14:37:46.328Z",
    "last_published_at": "2022-06-16T07:11:18.043Z",
    "latest_revision_created_at": "2022-06-16T07:11:18.030Z",
    "live_revision": 20,
    "alias_of": null
  }
},
{
  "model": "wagtailusers.userprofile",
  "pk": 1,
  "fields": {
    "user": [
      "admin"
    ],
    "submitted_notifications": true,
    "approved_notifications": true,
    "rejected_notifications": true,
    "updated_comments_notifications": true,
    "preferred_language": "",
    "current_time_zone": "",
    "avatar": ""
  }
},
{
  "model": "blog.blogpage",
  "pk": 5,
  "fields": {
    "intro": "First Blog Page",
    "body": "<p data-block-key=\"g1l2w\">This blog page won&#x27;t have any streamfield content</p>",
    "content": "[]"
  }
},
{
  "model": "blog.blogpage",
  "pk": 6,
  "fields": {
    "intro": "Second Blog Page",
    "body": "<p data-block-key=\"09qfi\">Including a couple of quotes, a field1, a date, a somestreamblock, and a important_dates</p>",
    "content": "[{\"type\": \"quote\", \"value\": {\"quote_content\": \"My mama always said, life is like a box of chocolates. You never know what you\\u2019re gonna get.\", \"person\": \"Forest Gump\", \"random_id\": 109}, \"id\": \"d6feae7c-4136-4688-92fb-025807af525b\"}, {\"type\": \"quote\", \"value\": {\"quote_content\": \"If you can't explain it to a six year old, you don't understand it yourself.\", \"person\": \"Albert Einstein\", \"random_id\": null}, \"id\": \"c814e143-cc0c-46a6-b9a8-5e57b6995c20\"}, {\"type\": \"field1\", \"value\": \"Blah blah blah\", \"id\": \"e2bd8570-69b0-4519-8d9d-07861f344cb5\"}, {\"type\": \"date\", \"value\": \"2022-05-26T19:57:00Z\", \"id\": \"660a740a-1975-4143-a644-2562bce9b908\"}, {\"type\": \"somestreamblock\", \"value\": [{\"type\": \"title\", \"value\": \"A Stream Block\", \"id\": \"25865d08-28e1-4329-8a23-d142af162762\"}, {\"type\": \"content\", \"value\": \"This is a Streamblock in our Streamfield. It is in a way a mechanism to nest content\", \"id\": \"ab55aff3-e0f5-4b1c-850d-b80a0dfb8be4\"}, {\"type\": \"content\", \"value\": \"We can add child blocks here similar to how we do with the StreamField\", \"id\": \"94639ff3-b412-47b6-b8d4-f7500e83310c\"}], \"id\": \"16fb4f5c-67e5-4554-8d50-7b3322c6e541\"}, {\"type\": \"important_dates\", \"value\": {\"name\": \"Valentines Day\", \"description\": \"A day for lovers\", \"date\": \"2022-02-14\"}, \"id\": \"805d49e3-7872-4c80-8641-a95e3ae4dd6b\"}]"
  }
},
{
  "model": "blog.blogpage",
  "pk": 7,
  "fields": {
    "intro": "Third blog page",
    "body": "<p data-block-key=\"ztl62\">A couple of Someblocks, a field1, a somestreamblock, a important_date, a hpcharacters</p>",
    "content": "[{\"type\": \"someblock\", \"value\": {\"random_content\": \"The sky is blue\", \"random_date\": \"2022-05-28\"}, \"id\": \"1f4ea999-5c01-40a0-be95-e238f536b5cb\"}, {\"type\": \"someblock\", \"value\": {\"random_content\": \"Flying moose monkeys\", \"random_date\": null}, \"id\": \"1173e394-66c6-4116-bd9d-a8f3793a2f54\"}, {\"type\": \"field1\", \"value\": \"These are all random things.\", \"id\": \"97d2a9a9-65a0-4a0c-a272-f19576d92134\"}, {\"type\": \"somestreamblock\", \"value\": [{\"type\": \"content\", \"value\": \"This Content is in Some Stream Block\", \"id\": \"3503c0ad-a657-41b1-885e-45cd47212578\"}], \"id\": \"23675a55-b596-4491-a6e2-8896dec0b15a\"}, {\"type\": \"important_dates\", \"value\": {\"name\": \"Christmas\", \"description\": \"Birth of Christ\", \"date\": \"2022-12-25\"}, \"id\": \"27d778bd-145b-4dbd-b653-438a9fe4e77f\"}, {\"type\": \"important_dates\", \"value\": {\"name\": \"New Years Day\", \"description\": \"\", \"date\": \"2022-01-01\"}, \"id\": \"a885a0fb-6fd2-4d76-83fe-e81479e98b00\"}, {\"type\": \"hpcharacters\", \"value\": [{\"type\": \"item\", \"value\": \"Harry Potter\", \"id\": \"fdf321ed-eb27-4ee9-b623-4a0317fa5eba\"}, {\"type\": \"item\", \"value\": \"Ron Weasley\", \"id\": \"90f462c9-80b7-4d3c-8bbf-53bb92920eea\"}, {\"type\": \"item\", \"value\": \"Hermione Granger\", \"id\": \"ff228ddb-7bcc-4112-90e7-b262f9d1265d\"}], \"id\": \"a4c638fa-4539-4225-803d-f2a58e57ce0b\"}]"
  }
},
{
  "model": "blog.blogpage",
  "pk": 8,
  "fields": {
    "intro": "Fourth Blog Page",
    "body": "<p data-block-key=\"mmeis\">More quotes and a date, a somestreamblock</p>",
    "content": "[{\"type\": \"quote\", \"value\": {\"quote_content\": \"If an injury has to be done to a man it should be so severe that his vengeance need not be feared.\", \"person\": \"Niccolo Machiavelli\", \"random_id\": null}, \"id\": \"a41d9cca-58f3-40ed-a52c-17ae22ffbc43\"}, {\"type\": \"quote\", \"value\": {\"quote_content\": \"I missed the part where that's my problem.\", \"person\": \"Bully Maguire\", \"random_id\": 256}, \"id\": \"25227637-7f90-4e0c-858f-95788efe9f7e\"}, {\"type\": \"date\", \"value\": \"2021-08-13T20:07:00Z\", \"id\": \"86c239a3-1adf-4def-a245-80b668b0b553\"}, {\"type\": \"somestreamblock\", \"value\": [{\"type\": \"title\", \"value\": \"Status Update\", \"id\": \"61bd1065-b318-49cf-a6f2-a36e6e0a3644\"}, {\"type\": \"content\", \"value\": \"The time is 12.40pm. The sky is cloudy and a mild breeze is blowing. The temperature feels rather high. Rain clouds can be seen in the distance. Expecting a mild drizzle in the evening.\", \"id\": \"e34c8639-5ba7-4224-b1ca-6e5b0b4f5640\"}, {\"type\": \"title\", \"value\": \"My cooking\", \"id\": \"a06c257d-07a1-4f51-85b8-5323aa3a93c3\"}, {\"type\": \"content\", \"value\": \"I made chicken today. Interestingly, it tasted good.\", \"id\": \"fba51b5b-e030-48a5-8fa9-7d5b5c792aff\"}], \"id\": \"e79180a5-b49f-4e6d-97d7-f3315531c6ff\"}]"
  }
},
{
  "model": "blog.blogindexpage",
  "pk": 4,
  "fields": {
    "intro": "<p data-block-key=\"wwo5t\">This is the blog index</p>"
  }
},
{
  "model": "home.homepage",
  "pk": 3,
  "fields": {
    "body": "<p data-block-key=\"6pzcr\">Welcome!</p>"
  }
}
]
